-- phpMyAdmin SQL Dump
-- version 5.2.1
-- https://www.phpmyadmin.net/
--
-- Servidor: database:3306
-- Tiempo de generación: 13-05-2025 a las 11:54:02
-- Versión del servidor: 8.4.3
-- Versión de PHP: 8.2.26

SET SQL_MODE = "NO_AUTO_VALUE_ON_ZERO";
START TRANSACTION;
SET time_zone = "+00:00";


/*!40101 SET @OLD_CHARACTER_SET_CLIENT=@@CHARACTER_SET_CLIENT */;
/*!40101 SET @OLD_CHARACTER_SET_RESULTS=@@CHARACTER_SET_RESULTS */;
/*!40101 SET @OLD_COLLATION_CONNECTION=@@COLLATION_CONNECTION */;
/*!40101 SET NAMES utf8mb4 */;

--
-- Base de datos: `FormAndWork`
--

-- --------------------------------------------------------

--
-- Estructura de tabla para la tabla `alumno`
--

CREATE TABLE `alumno` (
  `id` bigint NOT NULL,
  `nombre` varchar(255) CHARACTER SET utf32 COLLATE utf32_unicode_ci NOT NULL,
  `ape1` varchar(255) CHARACTER SET utf32 COLLATE utf32_unicode_ci NOT NULL,
  `ape2` varchar(255) CHARACTER SET utf32 COLLATE utf32_unicode_ci NOT NULL,
  `email` varchar(255) CHARACTER SET utf32 COLLATE utf32_unicode_ci NOT NULL,
  `id_sector` bigint NOT NULL,
  `password` varchar(255) CHARACTER SET utf32 COLLATE utf32_unicode_ci NOT NULL DEFAULT ''
) ENGINE=InnoDB DEFAULT CHARSET=utf32 COLLATE=utf32_unicode_ci;

--
-- Volcado de datos para la tabla `alumno`
--

INSERT INTO `alumno` (`id`, `nombre`, `ape1`, `ape2`, `email`, `id_sector`, `password`) VALUES
(136, 'Laura', 'Rodriguez', 'Gomez', 'emailLauraRodriguez9715@gmail.com', 2, ''),
(137, 'Manolo', 'Gonzalez', 'Escriche', 'emailManoloGonzalez2382@gmail.com', 2, ''),
(138, 'Rafa', 'Rodriguez', 'Gomez', 'emailRafaRodriguez8365@gmail.com', 18, ''),
(139, 'Luis', 'Feliu', 'Feliu', 'emailLuisFeliu9806@gmail.com', 21, ''),
(140, 'Lucia', 'Vidal', 'Escriche', 'emailLuciaVidal3972@gmail.com', 1, ''),
(141, 'Ignacio', 'Escriche', 'Hermoso', 'emailIgnacioEscriche5714@gmail.com', 16, ''),
(142, 'Maria', 'Hermoso', 'Moreno', 'emailMariaHermoso3098@gmail.com', 7, ''),
(143, 'Manolo', 'Pérez', 'Vidal', 'emailManoloPérez4483@gmail.com', 18, ''),
(144, 'Ignacio', 'Vidal', 'Hermoso', 'emailIgnacioVidal7207@gmail.com', 14, ''),
(145, 'Manolo', 'Moreno', 'Rodriguez', 'emailManoloMoreno1455@gmail.com', 5, ''),
(146, 'Rocio', 'Hermoso', 'Hermoso', 'emailRocioHermoso1650@gmail.com', 7, ''),
(147, 'Rafa', 'Pérez', 'Feliu', 'emailRafaPérez6259@gmail.com', 9, ''),
(148, 'Ana', 'Lopez', 'Feliu', 'emailAnaLopez3897@gmail.com', 14, ''),
(149, 'Rosa', 'Vidal', 'Gomez', 'emailRosaVidal5727@gmail.com', 13, ''),
(150, 'Ignacio', 'Vidal', 'Moreno', 'emailIgnacioVidal4601@gmail.com', 12, ''),
(151, 'Luis', 'Gomez', 'Gonzalez', 'emailLuisGomez1400@gmail.com', 2, ''),
(152, 'Sara', 'Vidal', 'Rodriguez', 'emailSaraVidal4189@gmail.com', 6, ''),
(153, 'Ana', 'Rodriguez', 'Pérez', 'emailAnaRodriguez4909@gmail.com', 14, ''),
(154, 'Lorenzo', 'Escriche', 'Fernandez', 'emailLorenzoEscriche3007@gmail.com', 22, ''),
(155, 'Luis', 'Gonzalez', 'Pérez', 'emailLuisGonzalez3077@gmail.com', 10, ''),
(156, 'Manolo', 'Gonzalez', 'Escriche', 'emailManoloGonzalez1710@gmail.com', 11, ''),
(157, 'Marta', 'Lopez', 'Lopez', 'emailMartaLopez4697@gmail.com', 16, ''),
(158, 'Rocio', 'Gomez', 'Sancho', 'emailRocioGomez8044@gmail.com', 20, ''),
(159, 'Paco', 'Gonzalez', 'Pérez', 'emailPacoGonzalez4197@gmail.com', 19, ''),
(160, 'Ignacio', 'Lopez', 'Vidal', 'emailIgnacioLopez8257@gmail.com', 9, ''),
(161, 'Paco', 'Escriche', 'Vidal', 'emailPacoEscriche1274@gmail.com', 21, ''),
(162, 'Carmen', 'Gimenez', 'Gimenez', 'emailCarmenGimenez8244@gmail.com', 11, ''),
(163, 'Maria', 'Hermoso', 'Sancho', 'emailMariaHermoso8343@gmail.com', 13, ''),
(164, 'Luis', 'Rodriguez', 'Fernandez', 'emailLuisRodriguez4632@gmail.com', 8, ''),
(165, 'Rosa', 'Gonzalez', 'Gonzalez', 'emailRosaGonzalez8879@gmail.com', 3, ''),
(166, 'Paco', 'Moreno', 'Fernandez', 'emailPacoMoreno2101@gmail.com', 19, ''),
(167, 'Ana', 'Rodriguez', 'Sancho', 'emailAnaRodriguez1396@gmail.com', 12, ''),
(168, 'Ignacio', 'Lopez', 'Fernandez', 'emailIgnacioLopez1606@gmail.com', 15, ''),
(169, 'Laura', 'Vidal', 'Fernandez', 'emailLauraVidal1632@gmail.com', 17, ''),
(170, 'Lucia', 'Sanchez', 'Sanchez', 'emailLuciaSanchez3970@gmail.com', 19, ''),
(171, 'Marta', 'Fernandez', 'Escriche', 'emailMartaFernandez3108@gmail.com', 20, ''),
(172, 'Lucia', 'Sanchez', 'Gonzalez', 'emailLuciaSanchez2750@gmail.com', 22, ''),
(173, 'Lucia', 'Escriche', 'Moreno', 'emailLuciaEscriche9504@gmail.com', 13, ''),
(174, 'Rocio', 'Hermoso', 'Hermoso', 'emailRocioHermoso7924@gmail.com', 14, ''),
(175, 'Luis', 'Pérez', 'Sanchez', 'emailLuisPérez8477@gmail.com', 5, ''),
(176, 'Rosa', 'Moreno', 'Fernandez', 'emailRosaMoreno4918@gmail.com', 17, ''),
(177, 'Pepe', 'Sancho', 'Martinez', 'emailPepeSancho1742@gmail.com', 20, ''),
(178, 'Rafa', 'Gonzalez', 'Gomez', 'emailRafaGonzalez2700@gmail.com', 7, ''),
(179, 'Laura', 'Pérez', 'Rodriguez', 'emailLauraPérez7302@gmail.com', 20, ''),
(180, 'Ana', 'Gimenez', 'Escriche', 'emailAnaGimenez2254@gmail.com', 7, ''),
(181, 'Lucia', 'Gonzalez', 'Sancho', 'emailLuciaGonzalez7900@gmail.com', 10, ''),
(182, 'Sara', 'Lopez', 'Gomez', 'emailSaraLopez8916@gmail.com', 9, ''),
(183, 'Sara', 'Gonzalez', 'Pérez', 'emailSaraGonzalez6671@gmail.com', 7, ''),
(184, 'Rosa', 'Gonzalez', 'Gonzalez', 'emailRosaGonzalez4898@gmail.com', 8, ''),
(185, 'Rocio', 'Rodriguez', 'Pérez', 'emailRocioRodriguez7828@gmail.com', 1, '');

-- --------------------------------------------------------

--
-- Estructura de tabla para la tabla `candidatura`
--

CREATE TABLE `candidatura` (
  `id` bigint NOT NULL,
  `id_alumno` bigint NOT NULL,
  `id_oferta` bigint NOT NULL,
  `fecha` datetime NOT NULL DEFAULT CURRENT_TIMESTAMP
) ENGINE=InnoDB DEFAULT CHARSET=utf32 COLLATE=utf32_unicode_ci;

--
-- Volcado de datos para la tabla `candidatura`
--

INSERT INTO `candidatura` (`id`, `id_alumno`, `id_oferta`, `fecha`) VALUES
(148, 140, 364, '2025-03-17 00:00:00'),
(149, 161, 373, '2025-04-03 00:00:00'),
(150, 154, 358, '2025-04-13 00:00:00'),
(151, 179, 380, '2025-03-22 00:00:00'),
(152, 139, 376, '2025-03-16 00:00:00'),
(153, 161, 367, '2025-04-10 00:00:00'),
(154, 161, 351, '2025-03-21 00:00:00'),
(155, 174, 352, '2025-03-17 00:00:00'),
(156, 149, 367, '2025-03-29 00:00:00'),
(157, 151, 370, '2025-04-01 00:00:00'),
(158, 147, 388, '2025-03-27 00:00:00'),
(159, 149, 364, '2025-04-11 00:00:00'),
(160, 139, 369, '2025-03-31 00:00:00'),
(161, 173, 392, '2025-04-14 00:00:00'),
(162, 142, 357, '2025-03-31 00:00:00'),
(163, 164, 378, '2025-04-07 00:00:00'),
(164, 183, 377, '2025-03-17 00:00:00'),
(165, 149, 355, '2025-03-20 00:00:00'),
(166, 153, 349, '2025-03-26 00:00:00'),
(167, 177, 347, '2025-03-22 00:00:00'),
(168, 176, 377, '2025-03-21 00:00:00'),
(169, 176, 356, '2025-03-28 00:00:00'),
(170, 180, 357, '2025-03-23 00:00:00'),
(171, 167, 347, '2025-03-25 00:00:00'),
(172, 177, 378, '2025-03-28 00:00:00'),
(173, 159, 372, '2025-03-22 00:00:00'),
(174, 146, 395, '2025-04-12 00:00:00'),
(175, 161, 395, '2025-04-07 00:00:00'),
(176, 176, 390, '2025-04-03 00:00:00'),
(177, 149, 376, '2025-03-30 00:00:00'),
(178, 176, 372, '2025-03-16 00:00:00'),
(179, 139, 373, '2025-03-23 00:00:00'),
(180, 185, 370, '2025-03-19 00:00:00'),
(181, 185, 378, '2025-03-19 00:00:00'),
(182, 175, 376, '2025-03-28 00:00:00'),
(183, 140, 364, '2025-03-25 00:00:00'),
(184, 176, 369, '2025-04-14 00:00:00'),
(185, 164, 365, '2025-04-09 00:00:00'),
(186, 143, 394, '2025-03-22 00:00:00'),
(187, 151, 377, '2025-03-23 00:00:00'),
(188, 178, 347, '2025-03-16 00:00:00'),
(189, 151, 393, '2025-04-12 00:00:00'),
(190, 152, 372, '2025-04-02 00:00:00'),
(191, 138, 372, '2025-03-28 00:00:00'),
(192, 159, 372, '2025-04-13 00:00:00'),
(193, 136, 367, '2025-03-28 00:00:00'),
(194, 136, 392, '2025-04-04 00:00:00'),
(195, 155, 363, '2025-03-25 00:00:00'),
(196, 171, 393, '2025-04-12 00:00:00'),
(197, 179, 350, '2025-03-16 00:00:00'),
(198, 157, 494, '2025-04-15 00:00:00'),
(199, 153, 680, '2025-03-26 00:00:00'),
(200, 145, 628, '2025-03-27 00:00:00'),
(201, 166, 364, '2025-04-05 00:00:00'),
(202, 177, 570, '2025-04-12 00:00:00'),
(203, 161, 475, '2025-04-05 00:00:00'),
(204, 171, 611, '2025-04-16 00:00:00'),
(205, 137, 593, '2025-04-01 00:00:00'),
(206, 152, 598, '2025-04-20 00:00:00'),
(207, 163, 604, '2025-04-11 00:00:00'),
(208, 150, 588, '2025-04-08 00:00:00'),
(209, 166, 556, '2025-03-31 00:00:00'),
(210, 142, 621, '2025-04-03 00:00:00'),
(211, 173, 595, '2025-03-30 00:00:00'),
(212, 162, 611, '2025-03-29 00:00:00'),
(213, 183, 382, '2025-04-21 00:00:00'),
(214, 153, 398, '2025-04-08 00:00:00'),
(215, 153, 384, '2025-04-01 00:00:00'),
(216, 181, 370, '2025-03-28 00:00:00'),
(217, 155, 612, '2025-03-29 00:00:00'),
(218, 171, 581, '2025-04-16 00:00:00'),
(219, 146, 548, '2025-04-12 00:00:00'),
(220, 153, 490, '2025-04-09 00:00:00'),
(221, 159, 447, '2025-04-16 00:00:00'),
(222, 154, 617, '2025-04-24 00:00:00'),
(223, 139, 673, '2025-04-16 00:00:00'),
(224, 171, 639, '2025-04-08 00:00:00'),
(225, 178, 657, '2025-04-06 00:00:00'),
(226, 175, 629, '2025-04-17 00:00:00'),
(227, 169, 663, '2025-04-05 00:00:00'),
(228, 185, 366, '2025-04-06 00:00:00'),
(229, 161, 348, '2025-04-07 00:00:00'),
(230, 144, 652, '2025-04-01 00:00:00'),
(231, 152, 622, '2025-04-21 00:00:00'),
(232, 142, 633, '2025-04-05 00:00:00'),
(233, 162, 571, '2025-04-01 00:00:00'),
(234, 175, 455, '2025-04-24 00:00:00'),
(235, 181, 442, '2025-04-25 00:00:00'),
(236, 144, 615, '2025-04-06 00:00:00'),
(237, 151, 394, '2025-04-11 00:00:00'),
(238, 160, 384, '2025-04-24 00:00:00'),
(239, 160, 551, '2025-04-18 00:00:00'),
(240, 137, 433, '2025-04-16 00:00:00'),
(241, 152, 557, '2025-03-28 00:00:00'),
(242, 148, 482, '2025-03-28 00:00:00'),
(243, 157, 366, '2025-04-12 00:00:00'),
(244, 152, 539, '2025-04-20 00:00:00'),
(245, 171, 380, '2025-04-20 00:00:00'),
(246, 151, 602, '2025-04-25 00:00:00'),
(247, 177, 475, '2025-04-17 00:00:00'),
(248, 177, 591, '2025-04-20 00:00:00'),
(249, 147, 388, '2025-04-07 00:00:00'),
(250, 173, 609, '2025-04-14 00:00:00'),
(251, 183, 614, '2025-04-14 00:00:00'),
(252, 138, 566, '2025-04-02 00:00:00'),
(253, 159, 376, '2025-04-01 00:00:00'),
(254, 165, 575, '2025-04-24 00:00:00'),
(255, 157, 672, '2025-04-23 00:00:00'),
(256, 169, 649, '2025-04-08 00:00:00'),
(257, 167, 400, '2025-04-07 00:00:00'),
(258, 161, 627, '2025-03-28 00:00:00'),
(259, 159, 497, '2025-04-15 00:00:00'),
(260, 139, 457, '2025-04-10 00:00:00'),
(261, 172, 348, '2025-04-04 00:00:00'),
(262, 151, 459, '2025-04-05 00:00:00'),
(263, 136, 416, '2025-04-12 00:00:00'),
(264, 175, 584, '2025-04-14 00:00:00'),
(265, 136, 369, '2025-04-06 00:00:00'),
(266, 142, 623, '2025-04-14 00:00:00'),
(267, 164, 349, '2025-04-09 00:00:00'),
(268, 150, 395, '2025-04-15 00:00:00'),
(269, 148, 403, '2025-04-22 00:00:00'),
(270, 149, 600, '2025-04-09 00:00:00'),
(271, 181, 524, '2025-04-17 00:00:00'),
(272, 157, 583, '2025-04-18 00:00:00'),
(273, 185, 546, '2025-04-24 00:00:00'),
(274, 161, 445, '2025-04-05 00:00:00'),
(275, 145, 403, '2025-04-25 00:00:00'),
(276, 179, 402, '2025-04-22 00:00:00'),
(277, 161, 395, '2025-04-18 00:00:00'),
(278, 176, 689, '2025-03-29 00:00:00'),
(279, 148, 430, '2025-04-25 00:00:00'),
(280, 139, 559, '2025-04-15 00:00:00'),
(281, 183, 486, '2025-04-16 00:00:00'),
(282, 140, 547, '2025-03-27 00:00:00'),
(283, 139, 661, '2025-04-09 00:00:00'),
(284, 174, 604, '2025-04-15 00:00:00'),
(285, 147, 480, '2025-03-31 00:00:00'),
(286, 182, 461, '2025-03-30 00:00:00'),
(287, 138, 501, '2025-04-12 00:00:00'),
(288, 159, 581, '2025-04-14 00:00:00'),
(289, 175, 459, '2025-04-17 00:00:00'),
(290, 175, 693, '2025-04-14 00:00:00'),
(291, 168, 664, '2025-04-13 00:00:00'),
(292, 138, 391, '2025-04-20 00:00:00'),
(293, 180, 497, '2025-04-07 00:00:00'),
(294, 184, 518, '2025-04-11 00:00:00'),
(295, 160, 478, '2025-04-07 00:00:00'),
(296, 142, 668, '2025-04-02 00:00:00'),
(297, 167, 545, '2025-04-01 00:00:00'),
(298, 150, 400, '2025-04-08 00:00:00'),
(299, 170, 563, '2025-04-19 00:00:00'),
(300, 164, 571, '2025-04-22 00:00:00'),
(301, 136, 634, '2025-04-07 00:00:00'),
(302, 139, 587, '2025-04-10 00:00:00'),
(303, 173, 403, '2025-04-23 00:00:00'),
(304, 182, 582, '2025-04-01 00:00:00'),
(305, 154, 638, '2025-04-07 00:00:00'),
(306, 172, 556, '2025-04-19 00:00:00'),
(307, 167, 441, '2025-04-24 00:00:00'),
(308, 155, 463, '2025-03-28 00:00:00'),
(309, 165, 377, '2025-04-11 00:00:00'),
(310, 139, 629, '2025-04-11 00:00:00'),
(311, 151, 669, '2025-04-01 00:00:00'),
(312, 146, 347, '2025-03-29 00:00:00'),
(313, 154, 488, '2025-04-22 00:00:00'),
(314, 179, 502, '2025-03-30 00:00:00'),
(315, 137, 540, '2025-03-30 00:00:00'),
(316, 177, 474, '2025-04-20 00:00:00'),
(317, 174, 492, '2025-04-12 00:00:00'),
(318, 158, 523, '2025-04-16 00:00:00'),
(319, 155, 377, '2025-04-18 00:00:00'),
(320, 159, 562, '2025-04-10 00:00:00'),
(321, 181, 371, '2025-04-14 00:00:00'),
(322, 138, 673, '2025-03-29 00:00:00'),
(323, 151, 549, '2025-03-29 00:00:00'),
(324, 178, 539, '2025-04-12 00:00:00'),
(325, 166, 639, '2025-04-24 00:00:00'),
(326, 167, 425, '2025-04-08 00:00:00'),
(327, 183, 636, '2025-04-24 00:00:00'),
(328, 159, 601, '2025-04-01 00:00:00'),
(329, 137, 646, '2025-03-26 00:00:00'),
(330, 176, 696, '2025-04-09 00:00:00'),
(331, 150, 443, '2025-04-16 00:00:00'),
(332, 143, 612, '2025-04-12 00:00:00'),
(333, 174, 359, '2025-04-17 00:00:00'),
(334, 164, 495, '2025-04-15 00:00:00'),
(335, 162, 596, '2025-04-10 00:00:00'),
(336, 156, 595, '2025-04-18 00:00:00'),
(337, 175, 621, '2025-04-14 00:00:00'),
(338, 183, 441, '2025-04-22 00:00:00'),
(339, 182, 506, '2025-04-01 00:00:00'),
(340, 162, 380, '2025-04-12 00:00:00'),
(341, 149, 409, '2025-04-06 00:00:00'),
(342, 166, 527, '2025-03-29 00:00:00'),
(343, 178, 372, '2025-04-14 00:00:00'),
(344, 157, 570, '2025-03-28 00:00:00'),
(345, 149, 388, '2025-04-23 00:00:00'),
(346, 150, 389, '2025-03-27 00:00:00'),
(347, 139, 383, '2025-04-22 00:00:00'),
(348, 147, 389, '2025-04-12 00:00:00'),
(349, 165, 452, '2025-03-26 00:00:00'),
(350, 183, 431, '2025-04-25 00:00:00'),
(351, 176, 587, '2025-03-29 00:00:00'),
(352, 175, 354, '2025-04-17 00:00:00'),
(353, 176, 658, '2025-04-17 00:00:00'),
(354, 158, 581, '2025-04-03 00:00:00'),
(355, 156, 598, '2025-04-15 00:00:00'),
(356, 178, 520, '2025-04-02 00:00:00'),
(357, 181, 403, '2025-04-05 00:00:00'),
(358, 144, 548, '2025-04-06 00:00:00'),
(359, 154, 609, '2025-04-02 00:00:00'),
(360, 142, 452, '2025-04-25 00:00:00'),
(361, 147, 560, '2025-03-29 00:00:00'),
(362, 154, 644, '2025-04-22 00:00:00'),
(363, 176, 591, '2025-04-11 00:00:00'),
(364, 183, 627, '2025-04-24 00:00:00'),
(365, 151, 576, '2025-04-03 00:00:00'),
(366, 172, 458, '2025-04-02 00:00:00'),
(367, 167, 444, '2025-04-18 00:00:00'),
(368, 185, 684, '2025-04-18 00:00:00'),
(369, 137, 504, '2025-04-11 00:00:00'),
(370, 161, 682, '2025-03-29 00:00:00'),
(371, 178, 379, '2025-04-22 00:00:00'),
(372, 165, 502, '2025-04-21 00:00:00'),
(373, 139, 391, '2025-04-04 00:00:00'),
(374, 159, 695, '2025-04-16 00:00:00'),
(375, 176, 465, '2025-04-06 00:00:00'),
(376, 159, 454, '2025-04-11 00:00:00'),
(377, 174, 471, '2025-04-21 00:00:00'),
(378, 177, 447, '2025-04-17 00:00:00'),
(379, 136, 439, '2025-04-11 00:00:00'),
(380, 181, 651, '2025-04-20 00:00:00'),
(381, 157, 416, '2025-03-26 00:00:00'),
(382, 143, 601, '2025-04-25 00:00:00'),
(383, 140, 636, '2025-04-17 00:00:00'),
(384, 151, 419, '2025-03-30 00:00:00'),
(385, 158, 630, '2025-04-19 00:00:00'),
(386, 142, 618, '2025-04-06 00:00:00'),
(387, 181, 430, '2025-04-06 00:00:00'),
(388, 155, 533, '2025-04-05 00:00:00'),
(389, 155, 691, '2025-03-31 00:00:00'),
(390, 142, 399, '2025-04-02 00:00:00'),
(391, 167, 580, '2025-04-18 00:00:00'),
(392, 156, 505, '2025-03-29 00:00:00'),
(393, 143, 432, '2025-03-26 00:00:00'),
(394, 141, 611, '2025-04-23 00:00:00'),
(395, 179, 624, '2025-04-05 00:00:00'),
(396, 143, 454, '2025-04-03 00:00:00'),
(397, 174, 613, '2025-04-04 00:00:00'),
(398, 146, 563, '2025-04-03 00:00:00'),
(399, 178, 561, '2025-04-18 00:00:00'),
(400, 138, 513, '2025-04-22 00:00:00'),
(401, 152, 466, '2025-04-19 00:00:00'),
(402, 158, 429, '2025-04-04 00:00:00'),
(403, 144, 553, '2025-04-01 00:00:00'),
(404, 137, 448, '2025-04-13 00:00:00'),
(405, 139, 517, '2025-04-24 00:00:00'),
(406, 165, 421, '2025-04-09 00:00:00'),
(407, 147, 375, '2025-04-04 00:00:00'),
(408, 157, 541, '2025-04-24 00:00:00'),
(409, 137, 574, '2025-04-18 00:00:00'),
(410, 169, 459, '2025-04-18 00:00:00'),
(411, 136, 652, '2025-03-26 00:00:00'),
(412, 159, 428, '2025-04-24 00:00:00'),
(413, 142, 607, '2025-04-17 00:00:00'),
(414, 149, 453, '2025-04-24 00:00:00'),
(415, 138, 582, '2025-04-18 00:00:00'),
(416, 168, 622, '2025-04-20 00:00:00'),
(417, 147, 464, '2025-04-17 00:00:00'),
(418, 170, 584, '2025-04-04 00:00:00'),
(419, 149, 531, '2025-04-07 00:00:00'),
(420, 147, 688, '2025-04-25 00:00:00'),
(421, 175, 696, '2025-04-24 00:00:00'),
(422, 149, 588, '2025-04-15 00:00:00'),
(423, 167, 448, '2025-04-25 00:00:00'),
(424, 169, 507, '2025-04-12 00:00:00'),
(425, 152, 678, '2025-03-29 00:00:00'),
(426, 145, 404, '2025-04-03 00:00:00'),
(427, 150, 548, '2025-04-03 00:00:00'),
(428, 182, 581, '2025-04-20 00:00:00'),
(429, 175, 421, '2025-04-10 00:00:00'),
(430, 181, 549, '2025-04-03 00:00:00'),
(431, 148, 366, '2025-04-24 00:00:00'),
(432, 152, 547, '2025-03-30 00:00:00'),
(433, 175, 526, '2025-04-09 00:00:00'),
(434, 142, 355, '2025-04-13 00:00:00'),
(435, 146, 468, '2025-04-04 00:00:00'),
(436, 145, 583, '2025-04-24 00:00:00'),
(437, 163, 443, '2025-03-30 00:00:00'),
(438, 162, 661, '2025-04-02 00:00:00'),
(439, 175, 487, '2025-04-16 00:00:00'),
(440, 152, 581, '2025-04-09 00:00:00'),
(441, 137, 485, '2025-04-10 00:00:00'),
(442, 155, 445, '2025-04-12 00:00:00'),
(443, 179, 666, '2025-03-30 00:00:00'),
(444, 181, 469, '2025-04-07 00:00:00'),
(445, 180, 602, '2025-04-12 00:00:00'),
(446, 167, 607, '2025-04-05 00:00:00'),
(447, 161, 358, '2025-03-29 00:00:00'),
(448, 167, 423, '2025-04-11 00:00:00'),
(449, 151, 578, '2025-04-01 00:00:00'),
(450, 185, 421, '2025-04-08 00:00:00'),
(451, 145, 541, '2025-04-21 00:00:00'),
(452, 165, 414, '2025-04-03 00:00:00'),
(453, 169, 611, '2025-04-19 00:00:00'),
(454, 155, 668, '2025-03-28 00:00:00'),
(455, 181, 579, '2025-04-21 00:00:00'),
(456, 179, 407, '2025-04-17 00:00:00'),
(457, 137, 669, '2025-04-03 00:00:00'),
(458, 165, 364, '2025-04-10 00:00:00'),
(459, 157, 463, '2025-04-06 00:00:00'),
(460, 154, 358, '2025-04-18 00:00:00'),
(461, 171, 507, '2025-04-14 00:00:00'),
(462, 178, 652, '2025-04-21 00:00:00'),
(463, 149, 598, '2025-04-14 00:00:00'),
(464, 165, 531, '2025-04-03 00:00:00'),
(465, 180, 665, '2025-04-13 00:00:00'),
(466, 143, 440, '2025-04-01 00:00:00'),
(467, 174, 692, '2025-03-29 00:00:00'),
(468, 158, 416, '2025-04-24 00:00:00'),
(469, 177, 638, '2025-04-10 00:00:00'),
(470, 150, 532, '2025-04-06 00:00:00'),
(471, 152, 479, '2025-04-04 00:00:00'),
(472, 158, 664, '2025-04-24 00:00:00'),
(473, 179, 433, '2025-04-25 00:00:00'),
(474, 180, 396, '2025-04-21 00:00:00'),
(475, 156, 631, '2025-04-11 00:00:00'),
(476, 169, 658, '2025-04-12 00:00:00'),
(477, 167, 351, '2025-04-14 00:00:00'),
(478, 171, 619, '2025-04-23 00:00:00'),
(479, 163, 583, '2025-04-10 00:00:00'),
(480, 177, 548, '2025-04-01 00:00:00'),
(481, 160, 391, '2025-04-22 00:00:00'),
(482, 139, 494, '2025-03-30 00:00:00'),
(483, 165, 422, '2025-04-09 00:00:00'),
(484, 149, 413, '2025-04-07 00:00:00'),
(485, 155, 575, '2025-04-13 00:00:00'),
(486, 150, 562, '2025-04-15 00:00:00'),
(487, 155, 532, '2025-03-26 00:00:00'),
(488, 142, 479, '2025-04-03 00:00:00'),
(489, 160, 672, '2025-04-25 00:00:00'),
(490, 144, 442, '2025-03-27 00:00:00'),
(491, 169, 351, '2025-03-29 00:00:00'),
(492, 168, 490, '2025-04-12 00:00:00'),
(493, 146, 544, '2025-04-17 00:00:00'),
(494, 148, 428, '2025-04-22 00:00:00'),
(495, 183, 669, '2025-04-25 00:00:00'),
(496, 145, 516, '2025-04-23 00:00:00'),
(497, 158, 678, '2025-04-04 00:00:00'),
(498, 154, 652, '2025-04-21 00:00:00'),
(499, 146, 632, '2025-03-26 00:00:00'),
(500, 152, 601, '2025-04-06 00:00:00'),
(501, 158, 669, '2025-04-13 00:00:00'),
(502, 161, 534, '2025-04-09 00:00:00'),
(503, 177, 550, '2025-04-11 00:00:00'),
(504, 149, 686, '2025-04-10 00:00:00'),
(505, 137, 612, '2025-04-08 00:00:00'),
(506, 165, 453, '2025-04-03 00:00:00'),
(507, 139, 688, '2025-04-24 00:00:00'),
(508, 140, 459, '2025-03-30 00:00:00'),
(509, 174, 592, '2025-04-21 00:00:00'),
(510, 151, 653, '2025-03-30 00:00:00'),
(511, 179, 662, '2025-04-10 00:00:00'),
(512, 157, 559, '2025-03-30 00:00:00'),
(513, 138, 671, '2025-04-12 00:00:00'),
(514, 162, 563, '2025-04-06 00:00:00'),
(515, 175, 667, '2025-03-26 00:00:00'),
(516, 184, 500, '2025-04-07 00:00:00'),
(517, 159, 407, '2025-04-02 00:00:00'),
(518, 139, 688, '2025-04-22 00:00:00'),
(519, 152, 686, '2025-04-15 00:00:00'),
(520, 174, 481, '2025-04-14 00:00:00'),
(521, 156, 362, '2025-04-14 00:00:00'),
(522, 138, 419, '2025-03-27 00:00:00'),
(523, 151, 665, '2025-04-24 00:00:00'),
(524, 166, 377, '2025-04-07 00:00:00'),
(525, 142, 535, '2025-03-27 00:00:00'),
(526, 178, 474, '2025-04-09 00:00:00'),
(527, 166, 658, '2025-04-24 00:00:00'),
(528, 147, 564, '2025-04-21 00:00:00'),
(529, 163, 463, '2025-04-18 00:00:00'),
(530, 156, 659, '2025-03-29 00:00:00'),
(531, 172, 544, '2025-03-28 00:00:00'),
(532, 143, 466, '2025-04-10 00:00:00'),
(533, 160, 383, '2025-04-17 00:00:00'),
(534, 183, 614, '2025-04-23 00:00:00'),
(535, 158, 630, '2025-04-02 00:00:00'),
(536, 158, 607, '2025-03-27 00:00:00'),
(537, 142, 444, '2025-03-30 00:00:00'),
(538, 182, 465, '2025-04-02 00:00:00'),
(539, 181, 540, '2025-04-20 00:00:00'),
(540, 180, 488, '2025-04-02 00:00:00'),
(541, 137, 550, '2025-04-20 00:00:00'),
(542, 138, 436, '2025-04-21 00:00:00'),
(543, 165, 467, '2025-04-04 00:00:00'),
(544, 157, 356, '2025-04-15 00:00:00'),
(545, 138, 366, '2025-03-28 00:00:00'),
(546, 180, 591, '2025-04-10 00:00:00'),
(547, 139, 499, '2025-04-13 00:00:00'),
(548, 136, 672, '2025-04-22 00:00:00'),
(549, 183, 472, '2025-04-03 00:00:00'),
(550, 171, 409, '2025-04-18 00:00:00'),
(551, 170, 439, '2025-03-30 00:00:00'),
(552, 153, 657, '2025-04-09 00:00:00'),
(553, 175, 584, '2025-04-24 00:00:00'),
(554, 140, 560, '2025-04-20 00:00:00'),
(555, 159, 542, '2025-04-06 00:00:00'),
(556, 151, 435, '2025-03-28 00:00:00'),
(557, 158, 647, '2025-04-21 00:00:00'),
(558, 167, 376, '2025-04-23 00:00:00'),
(559, 165, 588, '2025-04-19 00:00:00'),
(560, 168, 545, '2025-04-11 00:00:00'),
(561, 136, 400, '2025-03-26 00:00:00'),
(562, 146, 679, '2025-04-02 00:00:00'),
(563, 139, 465, '2025-03-30 00:00:00'),
(564, 170, 535, '2025-04-13 00:00:00'),
(565, 144, 469, '2025-04-22 00:00:00'),
(566, 136, 415, '2025-04-23 00:00:00'),
(567, 136, 388, '2025-04-02 00:00:00'),
(568, 142, 441, '2025-04-10 00:00:00'),
(569, 175, 381, '2025-04-04 00:00:00'),
(570, 183, 686, '2025-04-08 00:00:00'),
(571, 175, 520, '2025-04-22 00:00:00'),
(572, 185, 686, '2025-04-06 00:00:00'),
(573, 171, 622, '2025-04-06 00:00:00'),
(574, 142, 411, '2025-03-28 00:00:00'),
(575, 139, 364, '2025-03-30 00:00:00'),
(576, 181, 363, '2025-04-24 00:00:00'),
(577, 170, 530, '2025-04-17 00:00:00'),
(578, 159, 589, '2025-04-07 00:00:00'),
(579, 154, 355, '2025-04-13 00:00:00'),
(580, 145, 527, '2025-04-05 00:00:00'),
(581, 148, 545, '2025-04-12 00:00:00'),
(582, 177, 431, '2025-03-26 00:00:00'),
(583, 161, 361, '2025-04-12 00:00:00'),
(584, 148, 373, '2025-04-16 00:00:00'),
(585, 180, 641, '2025-04-22 00:00:00'),
(586, 174, 606, '2025-04-03 00:00:00'),
(587, 161, 658, '2025-04-19 00:00:00'),
(588, 140, 654, '2025-04-24 00:00:00'),
(589, 166, 449, '2025-04-24 00:00:00'),
(590, 159, 601, '2025-03-28 00:00:00'),
(591, 154, 494, '2025-04-11 00:00:00'),
(592, 175, 371, '2025-04-14 00:00:00'),
(593, 183, 420, '2025-04-06 00:00:00'),
(594, 181, 673, '2025-03-29 00:00:00'),
(595, 154, 644, '2025-04-17 00:00:00'),
(596, 151, 580, '2025-03-29 00:00:00'),
(597, 175, 660, '2025-04-21 00:00:00'),
(598, 172, 662, '2025-04-14 00:00:00'),
(599, 162, 363, '2025-04-14 00:00:00'),
(600, 161, 685, '2025-04-13 00:00:00'),
(601, 175, 637, '2025-04-06 00:00:00'),
(602, 150, 461, '2025-04-18 00:00:00'),
(603, 168, 637, '2025-04-07 00:00:00'),
(604, 170, 669, '2025-03-27 00:00:00'),
(605, 141, 598, '2025-03-27 00:00:00'),
(606, 147, 517, '2025-04-06 00:00:00'),
(607, 147, 621, '2025-04-13 00:00:00'),
(608, 167, 409, '2025-04-06 00:00:00'),
(609, 143, 632, '2025-04-19 00:00:00'),
(610, 151, 547, '2025-04-25 00:00:00'),
(611, 147, 601, '2025-04-02 00:00:00'),
(612, 182, 514, '2025-03-31 00:00:00'),
(613, 138, 501, '2025-04-11 00:00:00'),
(614, 170, 382, '2025-04-23 00:00:00'),
(615, 175, 569, '2025-04-19 00:00:00'),
(616, 146, 692, '2025-03-29 00:00:00'),
(617, 164, 581, '2025-04-13 00:00:00'),
(618, 147, 601, '2025-04-24 00:00:00'),
(619, 159, 575, '2025-04-01 00:00:00'),
(620, 174, 647, '2025-04-03 00:00:00'),
(621, 144, 672, '2025-04-21 00:00:00'),
(622, 155, 629, '2025-04-17 00:00:00'),
(623, 182, 577, '2025-03-26 00:00:00'),
(624, 141, 666, '2025-04-09 00:00:00'),
(625, 163, 552, '2025-04-11 00:00:00'),
(626, 137, 667, '2025-04-10 00:00:00'),
(627, 142, 660, '2025-04-09 00:00:00'),
(628, 141, 570, '2025-04-15 00:00:00'),
(629, 175, 472, '2025-04-17 00:00:00'),
(630, 183, 440, '2025-04-21 00:00:00'),
(631, 145, 394, '2025-04-19 00:00:00'),
(632, 167, 394, '2025-04-18 00:00:00'),
(633, 156, 372, '2025-03-26 00:00:00'),
(634, 156, 502, '2025-04-08 00:00:00'),
(635, 153, 411, '2025-04-02 00:00:00'),
(636, 181, 518, '2025-04-01 00:00:00'),
(637, 145, 428, '2025-03-30 00:00:00'),
(638, 174, 461, '2025-04-23 00:00:00'),
(639, 182, 558, '2025-04-09 00:00:00'),
(640, 185, 441, '2025-04-11 00:00:00'),
(641, 159, 550, '2025-04-12 00:00:00'),
(642, 157, 455, '2025-04-12 00:00:00'),
(643, 138, 350, '2025-04-02 00:00:00'),
(644, 169, 467, '2025-04-13 00:00:00'),
(645, 167, 405, '2025-04-03 00:00:00'),
(646, 162, 681, '2025-04-18 00:00:00'),
(647, 158, 602, '2025-04-08 00:00:00'),
(648, 152, 382, '2025-04-05 00:00:00'),
(649, 176, 413, '2025-04-14 00:00:00'),
(650, 164, 414, '2025-04-15 00:00:00'),
(651, 183, 367, '2025-04-13 00:00:00'),
(652, 137, 486, '2025-04-18 00:00:00'),
(653, 161, 519, '2025-04-23 00:00:00'),
(654, 178, 660, '2025-04-09 00:00:00'),
(655, 145, 397, '2025-04-18 00:00:00'),
(656, 145, 375, '2025-04-17 00:00:00'),
(657, 146, 521, '2025-04-18 00:00:00'),
(658, 174, 467, '2025-04-09 00:00:00'),
(659, 174, 368, '2025-04-12 00:00:00'),
(660, 162, 653, '2025-04-18 00:00:00'),
(661, 143, 381, '2025-04-11 00:00:00'),
(662, 170, 505, '2025-04-04 00:00:00'),
(663, 158, 583, '2025-04-03 00:00:00'),
(664, 159, 577, '2025-04-09 00:00:00'),
(665, 146, 447, '2025-04-06 00:00:00'),
(666, 183, 696, '2025-04-15 00:00:00'),
(667, 159, 553, '2025-04-07 00:00:00'),
(668, 176, 612, '2025-04-08 00:00:00'),
(669, 161, 366, '2025-04-14 00:00:00'),
(670, 154, 429, '2025-04-09 00:00:00'),
(671, 170, 578, '2025-04-13 00:00:00'),
(672, 139, 626, '2025-04-02 00:00:00'),
(673, 173, 560, '2025-03-29 00:00:00'),
(674, 156, 412, '2025-04-23 00:00:00'),
(675, 165, 552, '2025-04-19 00:00:00'),
(676, 163, 687, '2025-04-05 00:00:00'),
(677, 153, 673, '2025-04-05 00:00:00'),
(678, 140, 644, '2025-04-07 00:00:00'),
(679, 163, 425, '2025-04-11 00:00:00'),
(680, 146, 420, '2025-04-16 00:00:00'),
(681, 155, 464, '2025-04-17 00:00:00'),
(682, 158, 388, '2025-04-04 00:00:00'),
(683, 140, 595, '2025-04-24 00:00:00'),
(684, 145, 574, '2025-04-04 00:00:00'),
(685, 180, 655, '2025-04-22 00:00:00'),
(686, 152, 626, '2025-04-14 00:00:00'),
(687, 184, 597, '2025-04-11 00:00:00'),
(688, 183, 410, '2025-04-09 00:00:00'),
(689, 182, 471, '2025-04-07 00:00:00'),
(690, 170, 514, '2025-04-04 00:00:00'),
(691, 140, 597, '2025-04-21 00:00:00'),
(692, 141, 520, '2025-04-02 00:00:00'),
(693, 136, 639, '2025-04-02 00:00:00'),
(694, 177, 381, '2025-03-28 00:00:00'),
(695, 156, 597, '2025-03-31 00:00:00'),
(696, 142, 348, '2025-04-04 00:00:00'),
(697, 176, 679, '2025-04-05 00:00:00'),
(698, 162, 455, '2025-04-25 00:00:00'),
(699, 162, 521, '2025-03-26 00:00:00'),
(700, 166, 493, '2025-04-18 00:00:00'),
(701, 155, 508, '2025-04-18 00:00:00'),
(702, 166, 482, '2025-03-27 00:00:00'),
(703, 168, 448, '2025-04-04 00:00:00'),
(704, 185, 490, '2025-03-31 00:00:00'),
(705, 171, 355, '2025-04-25 00:00:00'),
(706, 136, 470, '2025-04-04 00:00:00'),
(707, 169, 530, '2025-04-16 00:00:00'),
(708, 147, 648, '2025-04-17 00:00:00'),
(709, 152, 591, '2025-04-03 00:00:00'),
(710, 152, 529, '2025-03-29 00:00:00'),
(711, 179, 478, '2025-04-24 00:00:00'),
(712, 157, 524, '2025-04-15 00:00:00'),
(713, 138, 424, '2025-04-02 00:00:00'),
(714, 180, 686, '2025-04-23 00:00:00'),
(715, 179, 605, '2025-04-07 00:00:00'),
(716, 144, 551, '2025-03-26 00:00:00'),
(717, 177, 688, '2025-04-12 00:00:00'),
(718, 145, 677, '2025-04-16 00:00:00'),
(719, 137, 526, '2025-04-18 00:00:00'),
(720, 144, 382, '2025-04-11 00:00:00'),
(721, 174, 384, '2025-04-12 00:00:00'),
(722, 164, 366, '2025-04-05 00:00:00'),
(723, 143, 420, '2025-04-10 00:00:00'),
(724, 158, 618, '2025-04-14 00:00:00'),
(725, 161, 522, '2025-04-21 00:00:00'),
(726, 185, 453, '2025-04-08 00:00:00'),
(727, 158, 453, '2025-04-14 00:00:00'),
(728, 160, 500, '2025-04-01 00:00:00'),
(729, 141, 675, '2025-04-04 00:00:00'),
(730, 165, 551, '2025-04-11 00:00:00'),
(731, 154, 374, '2025-04-24 00:00:00'),
(732, 169, 615, '2025-04-08 00:00:00'),
(733, 157, 416, '2025-04-07 00:00:00'),
(734, 182, 389, '2025-04-02 00:00:00'),
(735, 172, 449, '2025-04-16 00:00:00'),
(736, 165, 599, '2025-03-30 00:00:00'),
(737, 149, 606, '2025-04-09 00:00:00'),
(738, 150, 568, '2025-04-21 00:00:00'),
(739, 142, 550, '2025-04-25 00:00:00'),
(740, 141, 605, '2025-03-28 00:00:00'),
(741, 162, 400, '2025-03-26 00:00:00'),
(742, 165, 513, '2025-04-11 00:00:00'),
(743, 169, 401, '2025-04-09 00:00:00'),
(744, 142, 681, '2025-04-07 00:00:00'),
(745, 171, 576, '2025-04-09 00:00:00'),
(746, 149, 370, '2025-04-22 00:00:00'),
(747, 170, 426, '2025-04-11 00:00:00'),
(748, 166, 400, '2025-04-14 00:00:00'),
(749, 165, 585, '2025-04-25 00:00:00'),
(750, 176, 356, '2025-04-14 00:00:00'),
(751, 151, 490, '2025-04-15 00:00:00'),
(752, 142, 675, '2025-04-17 00:00:00'),
(753, 177, 631, '2025-03-26 00:00:00'),
(754, 163, 433, '2025-04-01 00:00:00'),
(755, 157, 474, '2025-04-17 00:00:00'),
(756, 163, 642, '2025-04-23 00:00:00'),
(757, 182, 472, '2025-04-22 00:00:00'),
(758, 171, 636, '2025-04-12 00:00:00'),
(759, 144, 348, '2025-04-15 00:00:00'),
(760, 136, 526, '2025-04-22 00:00:00'),
(761, 168, 411, '2025-03-26 00:00:00'),
(762, 166, 489, '2025-04-22 00:00:00'),
(763, 180, 606, '2025-04-09 00:00:00'),
(764, 177, 694, '2025-04-02 00:00:00'),
(765, 137, 577, '2025-04-01 00:00:00'),
(766, 181, 600, '2025-04-05 00:00:00'),
(767, 140, 533, '2025-04-11 00:00:00'),
(768, 145, 470, '2025-04-01 00:00:00'),
(769, 169, 408, '2025-04-18 00:00:00'),
(770, 178, 548, '2025-03-31 00:00:00'),
(771, 143, 633, '2025-04-06 00:00:00'),
(772, 169, 476, '2025-04-06 00:00:00'),
(773, 181, 688, '2025-04-19 00:00:00'),
(774, 172, 466, '2025-04-04 00:00:00'),
(775, 167, 663, '2025-04-23 00:00:00'),
(776, 136, 654, '2025-04-11 00:00:00'),
(777, 184, 667, '2025-04-16 00:00:00'),
(778, 176, 416, '2025-04-15 00:00:00'),
(779, 141, 650, '2025-03-27 00:00:00'),
(780, 156, 573, '2025-04-19 00:00:00'),
(781, 139, 429, '2025-04-06 00:00:00'),
(782, 177, 672, '2025-04-22 00:00:00'),
(783, 168, 593, '2025-03-26 00:00:00'),
(784, 174, 402, '2025-04-25 00:00:00'),
(785, 146, 516, '2025-04-09 00:00:00'),
(786, 160, 633, '2025-04-07 00:00:00'),
(787, 141, 411, '2025-03-26 00:00:00'),
(788, 150, 566, '2025-04-08 00:00:00'),
(789, 142, 476, '2025-03-29 00:00:00'),
(790, 178, 543, '2025-03-27 00:00:00'),
(791, 158, 571, '2025-03-31 00:00:00'),
(792, 170, 625, '2025-04-05 00:00:00'),
(793, 150, 543, '2025-04-16 00:00:00'),
(794, 164, 518, '2025-04-18 00:00:00'),
(795, 178, 674, '2025-04-09 00:00:00'),
(796, 136, 577, '2025-04-19 00:00:00'),
(797, 162, 454, '2025-04-11 00:00:00'),
(798, 172, 506, '2025-04-05 00:00:00'),
(799, 179, 604, '2025-03-26 00:00:00'),
(800, 175, 421, '2025-04-18 00:00:00'),
(801, 163, 416, '2025-04-17 00:00:00'),
(802, 147, 619, '2025-04-04 00:00:00'),
(803, 166, 497, '2025-04-08 00:00:00'),
(804, 140, 570, '2025-04-21 00:00:00'),
(805, 137, 454, '2025-03-28 00:00:00'),
(806, 174, 505, '2025-04-02 00:00:00'),
(807, 145, 410, '2025-04-14 00:00:00'),
(808, 162, 637, '2025-04-06 00:00:00'),
(809, 181, 610, '2025-04-23 00:00:00'),
(810, 183, 521, '2025-04-06 00:00:00'),
(811, 183, 648, '2025-04-19 00:00:00'),
(812, 158, 470, '2025-03-31 00:00:00'),
(813, 174, 611, '2025-04-25 00:00:00'),
(814, 180, 647, '2025-03-29 00:00:00'),
(815, 159, 369, '2025-04-19 00:00:00'),
(816, 172, 351, '2025-04-23 00:00:00'),
(817, 159, 401, '2025-03-31 00:00:00'),
(818, 167, 548, '2025-04-25 00:00:00'),
(819, 172, 637, '2025-04-05 00:00:00'),
(820, 145, 364, '2025-04-03 00:00:00'),
(821, 136, 625, '2025-04-05 00:00:00'),
(822, 150, 428, '2025-03-27 00:00:00'),
(823, 179, 452, '2025-04-06 00:00:00'),
(824, 159, 643, '2025-03-29 00:00:00'),
(825, 140, 356, '2025-04-13 00:00:00'),
(826, 168, 580, '2025-04-11 00:00:00'),
(827, 144, 405, '2025-04-08 00:00:00'),
(828, 184, 516, '2025-04-01 00:00:00'),
(829, 146, 474, '2025-04-22 00:00:00'),
(830, 180, 634, '2025-04-11 00:00:00'),
(831, 140, 539, '2025-04-02 00:00:00'),
(832, 155, 370, '2025-04-23 00:00:00'),
(833, 158, 466, '2025-04-12 00:00:00'),
(834, 175, 496, '2025-04-13 00:00:00'),
(835, 181, 644, '2025-04-14 00:00:00'),
(836, 149, 651, '2025-04-09 00:00:00'),
(837, 171, 519, '2025-03-31 00:00:00'),
(838, 168, 584, '2025-04-13 00:00:00'),
(839, 185, 668, '2025-04-22 00:00:00'),
(840, 145, 586, '2025-04-22 00:00:00'),
(841, 141, 585, '2025-04-09 00:00:00'),
(842, 151, 543, '2025-03-30 00:00:00'),
(843, 161, 380, '2025-04-13 00:00:00'),
(844, 159, 495, '2025-04-01 00:00:00'),
(845, 141, 357, '2025-04-13 00:00:00'),
(846, 151, 609, '2025-04-19 00:00:00'),
(847, 182, 595, '2025-04-14 00:00:00'),
(848, 136, 419, '2025-04-12 00:00:00'),
(849, 140, 425, '2025-04-04 00:00:00'),
(850, 158, 362, '2025-04-11 00:00:00'),
(851, 136, 644, '2025-04-19 00:00:00'),
(852, 160, 514, '2025-04-10 00:00:00'),
(853, 161, 369, '2025-04-20 00:00:00'),
(854, 175, 481, '2025-04-03 00:00:00'),
(855, 153, 555, '2025-03-26 00:00:00'),
(856, 169, 504, '2025-04-02 00:00:00'),
(857, 161, 354, '2025-04-06 00:00:00'),
(858, 142, 394, '2025-04-02 00:00:00'),
(859, 146, 448, '2025-04-02 00:00:00'),
(860, 159, 469, '2025-03-28 00:00:00'),
(861, 176, 594, '2025-04-10 00:00:00'),
(862, 142, 381, '2025-04-21 00:00:00'),
(863, 178, 655, '2025-04-12 00:00:00'),
(864, 165, 450, '2025-03-28 00:00:00'),
(865, 163, 437, '2025-04-25 00:00:00'),
(866, 167, 387, '2025-04-06 00:00:00'),
(867, 179, 381, '2025-04-24 00:00:00'),
(868, 176, 489, '2025-04-24 00:00:00'),
(869, 137, 373, '2025-04-04 00:00:00'),
(870, 148, 531, '2025-04-17 00:00:00'),
(871, 170, 618, '2025-04-04 00:00:00'),
(872, 156, 347, '2025-04-18 00:00:00'),
(873, 185, 514, '2025-03-31 00:00:00'),
(874, 167, 633, '2025-04-25 00:00:00'),
(875, 146, 533, '2025-04-25 00:00:00'),
(876, 149, 355, '2025-04-14 00:00:00'),
(877, 141, 552, '2025-04-14 00:00:00'),
(878, 154, 668, '2025-04-07 00:00:00'),
(879, 146, 648, '2025-04-17 00:00:00'),
(880, 165, 635, '2025-04-07 00:00:00'),
(881, 158, 352, '2025-04-03 00:00:00'),
(882, 173, 487, '2025-04-09 00:00:00'),
(883, 136, 567, '2025-04-05 00:00:00'),
(884, 150, 497, '2025-03-30 00:00:00'),
(885, 171, 656, '2025-04-07 00:00:00'),
(886, 142, 548, '2025-04-17 00:00:00'),
(887, 137, 401, '2025-04-12 00:00:00'),
(888, 183, 376, '2025-04-20 00:00:00'),
(889, 172, 384, '2025-04-04 00:00:00'),
(890, 166, 684, '2025-04-17 00:00:00'),
(891, 163, 364, '2025-04-15 00:00:00'),
(892, 164, 541, '2025-04-14 00:00:00'),
(893, 148, 371, '2025-04-05 00:00:00'),
(894, 173, 388, '2025-03-28 00:00:00'),
(895, 178, 501, '2025-04-06 00:00:00'),
(896, 163, 683, '2025-04-24 00:00:00'),
(897, 169, 494, '2025-04-14 00:00:00'),
(898, 182, 663, '2025-04-03 00:00:00'),
(899, 139, 478, '2025-04-05 00:00:00'),
(900, 162, 494, '2025-04-10 00:00:00'),
(901, 167, 355, '2025-04-24 00:00:00'),
(902, 167, 514, '2025-04-21 00:00:00'),
(903, 183, 623, '2025-04-07 00:00:00'),
(904, 149, 565, '2025-04-17 00:00:00'),
(905, 146, 685, '2025-04-10 00:00:00'),
(906, 146, 398, '2025-04-21 00:00:00'),
(907, 148, 657, '2025-04-13 00:00:00'),
(908, 151, 598, '2025-04-17 00:00:00'),
(909, 136, 685, '2025-04-03 00:00:00'),
(910, 160, 684, '2025-04-11 00:00:00'),
(911, 142, 495, '2025-04-21 00:00:00'),
(912, 158, 514, '2025-04-12 00:00:00'),
(913, 175, 570, '2025-04-16 00:00:00'),
(914, 141, 577, '2025-04-07 00:00:00'),
(915, 155, 396, '2025-04-25 00:00:00'),
(916, 148, 525, '2025-04-22 00:00:00'),
(917, 145, 559, '2025-04-11 00:00:00'),
(918, 165, 643, '2025-03-27 00:00:00'),
(919, 157, 479, '2025-04-24 00:00:00'),
(920, 145, 581, '2025-04-13 00:00:00'),
(921, 154, 650, '2025-04-02 00:00:00'),
(922, 156, 632, '2025-03-27 00:00:00'),
(923, 180, 645, '2025-04-15 00:00:00'),
(924, 145, 460, '2025-04-24 00:00:00'),
(925, 156, 507, '2025-03-26 00:00:00'),
(926, 136, 447, '2025-04-19 00:00:00'),
(927, 184, 544, '2025-04-23 00:00:00'),
(928, 181, 380, '2025-04-06 00:00:00'),
(929, 154, 375, '2025-04-10 00:00:00'),
(930, 151, 560, '2025-04-06 00:00:00'),
(931, 146, 663, '2025-04-25 00:00:00'),
(932, 138, 348, '2025-04-16 00:00:00'),
(933, 143, 424, '2025-04-09 00:00:00'),
(934, 170, 546, '2025-03-31 00:00:00'),
(935, 172, 428, '2025-04-14 00:00:00'),
(936, 175, 533, '2025-04-25 00:00:00'),
(937, 162, 353, '2025-04-03 00:00:00'),
(938, 155, 611, '2025-04-25 00:00:00'),
(939, 175, 529, '2025-04-01 00:00:00'),
(940, 147, 379, '2025-04-07 00:00:00'),
(941, 159, 453, '2025-03-31 00:00:00'),
(942, 182, 669, '2025-04-12 00:00:00'),
(943, 182, 675, '2025-04-23 00:00:00'),
(944, 179, 606, '2025-04-07 00:00:00'),
(945, 168, 363, '2025-03-27 00:00:00'),
(946, 159, 379, '2025-03-29 00:00:00'),
(947, 141, 660, '2025-03-26 00:00:00'),
(948, 145, 563, '2025-04-12 00:00:00'),
(949, 164, 640, '2025-04-23 00:00:00'),
(950, 165, 501, '2025-04-23 00:00:00'),
(951, 174, 504, '2025-03-28 00:00:00'),
(952, 180, 534, '2025-03-27 00:00:00'),
(953, 154, 360, '2025-03-28 00:00:00'),
(954, 153, 682, '2025-04-02 00:00:00'),
(955, 141, 629, '2025-04-07 00:00:00'),
(956, 185, 550, '2025-03-27 00:00:00'),
(957, 162, 634, '2025-04-06 00:00:00'),
(958, 179, 650, '2025-04-20 00:00:00'),
(959, 151, 445, '2025-04-22 00:00:00'),
(960, 154, 426, '2025-04-01 00:00:00'),
(961, 160, 515, '2025-04-22 00:00:00'),
(962, 171, 484, '2025-03-28 00:00:00'),
(963, 183, 359, '2025-03-29 00:00:00'),
(964, 169, 513, '2025-04-11 00:00:00'),
(965, 185, 420, '2025-04-15 00:00:00'),
(966, 176, 428, '2025-03-31 00:00:00'),
(967, 170, 612, '2025-04-08 00:00:00'),
(968, 153, 683, '2025-04-04 00:00:00'),
(969, 178, 641, '2025-03-31 00:00:00'),
(970, 154, 448, '2025-04-02 00:00:00'),
(971, 143, 559, '2025-04-16 00:00:00'),
(972, 182, 574, '2025-03-27 00:00:00'),
(973, 176, 380, '2025-03-27 00:00:00'),
(974, 166, 577, '2025-04-02 00:00:00'),
(975, 153, 610, '2025-04-06 00:00:00'),
(976, 175, 630, '2025-04-01 00:00:00'),
(977, 156, 479, '2025-03-31 00:00:00'),
(978, 137, 673, '2025-04-02 00:00:00'),
(979, 145, 404, '2025-04-16 00:00:00'),
(980, 146, 484, '2025-04-10 00:00:00'),
(981, 163, 450, '2025-04-22 00:00:00'),
(982, 162, 613, '2025-04-18 00:00:00'),
(983, 170, 549, '2025-04-01 00:00:00'),
(984, 169, 573, '2025-04-06 00:00:00'),
(985, 142, 668, '2025-04-05 00:00:00'),
(986, 164, 527, '2025-03-29 00:00:00'),
(987, 178, 349, '2025-04-21 00:00:00'),
(988, 156, 679, '2025-04-02 00:00:00'),
(989, 158, 688, '2025-04-21 00:00:00'),
(990, 184, 519, '2025-04-21 00:00:00'),
(991, 153, 568, '2025-04-08 00:00:00'),
(992, 142, 414, '2025-04-06 00:00:00'),
(993, 181, 451, '2025-04-11 00:00:00'),
(994, 155, 534, '2025-04-14 00:00:00'),
(995, 173, 554, '2025-04-23 00:00:00'),
(996, 166, 683, '2025-04-16 00:00:00'),
(997, 154, 405, '2025-04-03 00:00:00'),
(998, 185, 486, '2025-04-04 00:00:00'),
(999, 141, 613, '2025-04-19 00:00:00'),
(1000, 150, 604, '2025-04-19 00:00:00'),
(1001, 157, 514, '2025-03-27 00:00:00'),
(1002, 151, 419, '2025-04-03 00:00:00'),
(1003, 155, 537, '2025-04-16 00:00:00'),
(1004, 172, 680, '2025-04-23 00:00:00'),
(1005, 167, 444, '2025-04-14 00:00:00'),
(1006, 145, 532, '2025-04-22 00:00:00'),
(1007, 184, 515, '2025-03-31 00:00:00'),
(1008, 170, 492, '2025-04-01 00:00:00'),
(1009, 140, 532, '2025-04-10 00:00:00'),
(1010, 153, 448, '2025-04-18 00:00:00'),
(1011, 183, 510, '2025-04-22 00:00:00'),
(1012, 182, 662, '2025-04-01 00:00:00'),
(1013, 179, 673, '2025-04-15 00:00:00'),
(1014, 137, 552, '2025-04-16 00:00:00'),
(1015, 138, 525, '2025-04-20 00:00:00'),
(1016, 143, 380, '2025-03-31 00:00:00'),
(1017, 182, 695, '2025-04-04 00:00:00'),
(1018, 177, 677, '2025-04-10 00:00:00'),
(1019, 138, 370, '2025-04-13 00:00:00'),
(1020, 185, 352, '2025-04-20 00:00:00'),
(1021, 155, 623, '2025-04-17 00:00:00'),
(1022, 178, 684, '2025-04-09 00:00:00'),
(1023, 156, 425, '2025-04-06 00:00:00'),
(1024, 179, 406, '2025-04-02 00:00:00'),
(1025, 154, 474, '2025-04-19 00:00:00'),
(1026, 139, 528, '2025-04-13 00:00:00'),
(1027, 150, 508, '2025-04-19 00:00:00'),
(1028, 148, 422, '2025-04-06 00:00:00'),
(1029, 157, 401, '2025-04-18 00:00:00'),
(1030, 139, 630, '2025-04-15 00:00:00'),
(1031, 175, 353, '2025-04-19 00:00:00'),
(1032, 184, 657, '2025-04-08 00:00:00'),
(1033, 159, 555, '2025-04-25 00:00:00'),
(1034, 169, 489, '2025-04-02 00:00:00'),
(1035, 140, 561, '2025-04-23 00:00:00'),
(1036, 177, 693, '2025-04-11 00:00:00'),
(1037, 160, 523, '2025-03-28 00:00:00'),
(1038, 157, 444, '2025-04-12 00:00:00'),
(1039, 174, 587, '2025-04-19 00:00:00'),
(1040, 158, 347, '2025-04-20 00:00:00'),
(1041, 162, 347, '2025-03-26 00:00:00'),
(1042, 174, 465, '2025-04-05 00:00:00'),
(1043, 146, 442, '2025-04-05 00:00:00'),
(1044, 185, 559, '2025-04-06 00:00:00'),
(1045, 174, 447, '2025-04-03 00:00:00'),
(1046, 151, 534, '2025-04-21 00:00:00'),
(1047, 142, 442, '2025-04-14 00:00:00'),
(1048, 179, 632, '2025-04-25 00:00:00'),
(1049, 162, 648, '2025-04-18 00:00:00'),
(1050, 179, 623, '2025-04-18 00:00:00'),
(1051, 181, 663, '2025-04-20 00:00:00'),
(1052, 136, 642, '2025-03-28 00:00:00'),
(1053, 179, 557, '2025-04-19 00:00:00'),
(1054, 155, 436, '2025-03-27 00:00:00'),
(1055, 153, 367, '2025-04-17 00:00:00'),
(1056, 175, 684, '2025-04-07 00:00:00'),
(1057, 178, 559, '2025-04-07 00:00:00'),
(1058, 163, 460, '2025-04-23 00:00:00'),
(1059, 172, 502, '2025-04-16 00:00:00'),
(1060, 182, 593, '2025-04-20 00:00:00'),
(1061, 179, 556, '2025-04-06 00:00:00'),
(1062, 151, 570, '2025-03-31 00:00:00'),
(1063, 153, 545, '2025-04-13 00:00:00'),
(1064, 173, 523, '2025-04-09 00:00:00'),
(1065, 178, 516, '2025-03-26 00:00:00'),
(1066, 170, 375, '2025-04-05 00:00:00'),
(1067, 154, 654, '2025-04-05 00:00:00'),
(1068, 136, 639, '2025-04-17 00:00:00'),
(1069, 143, 595, '2025-04-06 00:00:00'),
(1070, 176, 411, '2025-04-16 00:00:00'),
(1071, 184, 633, '2025-04-19 00:00:00'),
(1072, 169, 392, '2025-04-01 00:00:00'),
(1073, 169, 683, '2025-04-23 00:00:00'),
(1074, 183, 610, '2025-03-31 00:00:00'),
(1075, 185, 693, '2025-04-21 00:00:00'),
(1076, 178, 540, '2025-04-02 00:00:00'),
(1077, 163, 383, '2025-04-03 00:00:00'),
(1078, 178, 620, '2025-04-13 00:00:00'),
(1079, 136, 413, '2025-03-26 00:00:00'),
(1080, 172, 548, '2025-04-02 00:00:00'),
(1081, 145, 461, '2025-04-20 00:00:00'),
(1082, 143, 585, '2025-04-02 00:00:00'),
(1083, 140, 619, '2025-04-10 00:00:00'),
(1084, 150, 600, '2025-04-02 00:00:00'),
(1085, 179, 659, '2025-03-31 00:00:00'),
(1086, 166, 629, '2025-04-07 00:00:00'),
(1087, 160, 551, '2025-04-05 00:00:00'),
(1088, 136, 543, '2025-04-03 00:00:00'),
(1089, 181, 441, '2025-04-01 00:00:00'),
(1090, 157, 691, '2025-04-19 00:00:00'),
(1091, 168, 471, '2025-04-23 00:00:00'),
(1092, 173, 666, '2025-04-19 00:00:00'),
(1093, 166, 354, '2025-04-10 00:00:00'),
(1094, 142, 452, '2025-04-24 00:00:00'),
(1095, 170, 634, '2025-04-13 00:00:00'),
(1096, 167, 641, '2025-04-07 00:00:00'),
(1097, 142, 464, '2025-04-16 00:00:00');

-- --------------------------------------------------------

--
-- Estructura de tabla para la tabla `empresa`
--

CREATE TABLE `empresa` (
  `id` bigint NOT NULL,
  `nombre` varchar(255) CHARACTER SET utf32 COLLATE utf32_unicode_ci NOT NULL,
  `email` varchar(255) CHARACTER SET utf32 COLLATE utf32_unicode_ci NOT NULL,
  `id_sector` bigint NOT NULL,
  `password` varchar(255) CHARACTER SET utf32 COLLATE utf32_unicode_ci NOT NULL DEFAULT ''
) ENGINE=InnoDB DEFAULT CHARSET=utf32 COLLATE=utf32_unicode_ci;

--
-- Volcado de datos para la tabla `empresa`
--

INSERT INTO `empresa` (`id`, `nombre`, `email`, `id_sector`, `password`) VALUES
(96, 'GreenEnergy S.L.', 'emailgre3849@gmail.com', 19, ''),
(97, 'Pedro Navarro Consulting', 'emailped3052@gmail.com', 20, ''),
(98, 'Fernando García Corp.', 'emailfer4634@gmail.com', 8, ''),
(99, 'SmartSystems Cooperativa', 'emailsma6592@gmail.com', 5, ''),
(100, 'Beatriz Jiménez Partners', 'emailbea5093@gmail.com', 2, ''),
(101, 'OpenWay Partners', 'emailope7193@gmail.com', 12, ''),
(102, 'Carlos Ortega S.A.', 'emailcar3559@gmail.com', 8, ''),
(103, 'Laura Martínez Cooperativa', 'emaillau8495@gmail.com', 17, ''),
(104, 'Andrea Torres S.A.', 'emailand3198@gmail.com', 13, ''),
(105, 'Fernando García Group', 'emailfer2993@gmail.com', 15, ''),
(106, 'DataMind S.L.', 'emaildat6136@gmail.com', 6, ''),
(107, 'CyberNet Partners', 'emailcyb5461@gmail.com', 20, ''),
(108, 'SmartSystems Cooperativa', 'emailsma5625@gmail.com', 9, ''),
(109, 'BlueWave Consulting', 'emailblu5871@gmail.com', 11, ''),
(110, 'Fernando García Cooperativa', 'emailfer3120@gmail.com', 15, ''),
(111, 'GreenEnergy Group', 'emailgre4405@gmail.com', 4, ''),
(112, 'SecureSys Holding', 'emailsec3597@gmail.com', 12, ''),
(113, 'María Fernández S.A.', 'emailmar2878@gmail.com', 7, ''),
(114, 'Javier Herrera Cooperativa', 'emailjav2936@gmail.com', 19, ''),
(115, 'QuantumSoft Corp.', 'emailqua9758@gmail.com', 5, ''),
(116, 'Innova Solutions Partners', 'emailinn1807@gmail.com', 19, ''),
(117, 'Carmen Gutiérrez Group', 'emailcar4038@gmail.com', 12, ''),
(118, 'Andrea Torres S.L.', 'emailand4314@gmail.com', 2, ''),
(119, 'Antonio López Group', 'emailant3584@gmail.com', 22, ''),
(120, 'GlobalTech Partners', 'emailglo1108@gmail.com', 21, ''),
(121, 'Raúl Sánchez Group', 'emailral8121@gmail.com', 20, ''),
(122, 'Raúl Sánchez Cooperativa', 'emailral8721@gmail.com', 14, ''),
(123, 'GlobalTech S.L.', 'emailglo6933@gmail.com', 16, ''),
(124, 'Pedro Navarro S.A.', 'emailped6429@gmail.com', 15, ''),
(125, 'Sofía Pérez Cooperativa', 'emailsof5094@gmail.com', 17, ''),
(126, 'RedFox Cooperativa', 'emailred5809@gmail.com', 19, ''),
(127, 'FutureVision Holding', 'emailfut5115@gmail.com', 21, ''),
(128, 'CloudWorks Consulting', 'emailclo4655@gmail.com', 10, ''),
(129, 'Javier Herrera Group', 'emailjav3259@gmail.com', 11, ''),
(130, 'Andrea Torres Cooperativa', 'emailand3791@gmail.com', 9, ''),
(131, 'Carmen Gutiérrez S.L.', 'emailcar8204@gmail.com', 15, ''),
(132, 'María Fernández Consulting', 'emailmar3313@gmail.com', 20, ''),
(133, 'OpenWay S.L.', 'emailope3778@gmail.com', 7, ''),
(134, 'GlobalTech Group', 'emailglo8427@gmail.com', 4, ''),
(135, 'Raúl Sánchez Partners', 'emailral9105@gmail.com', 8, ''),
(136, 'GreenEnergy Holding', 'emailgre1687@gmail.com', 17, ''),
(137, 'DataMind Cooperativa', 'emaildat1899@gmail.com', 3, ''),
(138, 'EcoLogic Partners', 'emaileco9337@gmail.com', 14, ''),
(139, 'Laura Martínez Partners', 'emaillau2925@gmail.com', 15, ''),
(140, 'GreenEnergy Cooperativa', 'emailgre9402@gmail.com', 18, ''),
(141, 'Antonio López Group', 'emailant4660@gmail.com', 22, ''),
(142, 'Alejandro Castro Group', 'emailale6455@gmail.com', 18, ''),
(143, 'GreenEnergy Cooperativa', 'emailgre4232@gmail.com', 17, ''),
(144, 'CyberNet Holding', 'emailcyb6627@gmail.com', 16, ''),
(145, 'SecureSys S.A.', 'emailsec7297@gmail.com', 7, '');

-- --------------------------------------------------------

--
-- Estructura de tabla para la tabla `oferta`
--

CREATE TABLE `oferta` (
  `id` bigint NOT NULL,
  `titulo` varchar(255) CHARACTER SET utf32 COLLATE utf32_unicode_ci NOT NULL,
  `descripcion` varchar(555) CHARACTER SET utf32 COLLATE utf32_unicode_ci NOT NULL,
  `id_empresa` bigint NOT NULL,
  `id_sector` bigint NOT NULL
) ENGINE=InnoDB DEFAULT CHARSET=utf32 COLLATE=utf32_unicode_ci;

--
-- Volcado de datos para la tabla `oferta`
--

INSERT INTO `oferta` (`id`, `titulo`, `descripcion`, `id_empresa`, `id_sector`) VALUES
(347, 'Técnico electricista', 'Oferta de empleo para Técnico electricista en el sector de Electricidad y electrónica.', 133, 9),
(348, 'Operador de sistemas', 'Oferta de empleo para Operador de sistemas en el sector de Electricidad y electrónica.', 101, 10),
(349, 'Ebanista', 'Oferta de empleo para Ebanista en el sector de Madera, mueble y corcho.', 120, 4),
(350, 'Desarrollador Java', 'Oferta de empleo para Desarrollador Java en el sector de Informática y comunicaciones.', 139, 7),
(351, 'Maquillador/a', 'Oferta de empleo para Maquillador/a en el sector de Imagen personal.', 131, 20),
(352, 'Recepcionista de hotel', 'Oferta de empleo para Recepcionista de hotel en el sector de Hostelería y turismo.', 99, 15),
(353, 'Médico general', 'Oferta de empleo para Médico general en el sector de Sanidad.', 112, 13),
(354, 'Técnico de seguridad', 'Oferta de empleo para Técnico de seguridad en el sector de Seguridad y medio ambiente.', 114, 19),
(355, 'Camarógrafo', 'Oferta de empleo para Camarógrafo en el sector de Imagen y sonido.', 117, 19),
(356, 'Técnico de laboratorio', 'Oferta de empleo para Técnico de laboratorio en el sector de Química.', 128, 7),
(357, 'Educador/a social', 'Oferta de empleo para Educador/a social en el sector de Servicios socioculturales y a la comunidad.', 116, 22),
(358, 'Secretario/a', 'Oferta de empleo para Secretario/a en el sector de Administración y gestión.', 97, 14),
(359, 'Técnico de climatización', 'Oferta de empleo para Técnico de climatización en el sector de Instalación y mantenimiento.', 110, 18),
(360, 'Operador de máquina de coser', 'Oferta de empleo para Operador de máquina de coser en el sector de Textil, confección y piel.', 115, 14),
(361, 'Conductor de camión', 'Oferta de empleo para Conductor de camión en el sector de Transporte y mantenimiento de vehículos.', 130, 21),
(362, 'Recepcionista de hotel', 'Oferta de empleo para Recepcionista de hotel en el sector de Hostelería y turismo.', 130, 9),
(363, 'Mecánico de electrodomésticos', 'Oferta de empleo para Mecánico de electrodomésticos en el sector de Instalación y mantenimiento.', 101, 15),
(364, 'Técnico agrícola', 'Oferta de empleo para Técnico agrícola en el sector de Agraria.', 105, 18),
(365, 'Artista plástico', 'Oferta de empleo para Artista plástico en el sector de Artes y artesanías.', 113, 12),
(366, 'Inspector ambiental', 'Oferta de empleo para Inspector ambiental en el sector de Seguridad y medio ambiente.', 96, 5),
(367, 'Secretario/a', 'Oferta de empleo para Secretario/a en el sector de Administración y gestión.', 108, 2),
(368, 'Técnico de calidad en vidrio', 'Oferta de empleo para Técnico de calidad en vidrio en el sector de Vidrio y cerámica.', 112, 8),
(369, 'Ganadero/a', 'Oferta de empleo para Ganadero/a en el sector de Agraria.', 113, 10),
(370, 'Diseñador gráfico', 'Oferta de empleo para Diseñador gráfico en el sector de Artes gráficas.', 119, 9),
(371, 'Agricultor/a', 'Oferta de empleo para Agricultor/a en el sector de Agraria.', 131, 3),
(372, 'Gestor de residuos', 'Oferta de empleo para Gestor de residuos en el sector de Seguridad y medio ambiente.', 141, 21),
(373, 'Diseñador gráfico', 'Oferta de empleo para Diseñador gráfico en el sector de Artes gráficas.', 111, 14),
(374, 'Trabajador/a social', 'Oferta de empleo para Trabajador/a social en el sector de Servicios socioculturales y a la comunidad.', 105, 10),
(375, 'Pescador/a', 'Oferta de empleo para Pescador/a en el sector de Marítimo-pesquera.', 136, 20),
(376, 'Peluquero/a', 'Oferta de empleo para Peluquero/a en el sector de Imagen personal.', 141, 15),
(377, 'Técnico de laboratorio', 'Oferta de empleo para Técnico de laboratorio en el sector de Química.', 104, 3),
(378, 'Operador de maquinaria', 'Oferta de empleo para Operador de maquinaria en el sector de Fabricación mecánica.', 122, 9),
(379, 'Camarógrafo', 'Oferta de empleo para Camarógrafo en el sector de Imagen y sonido.', 97, 22),
(380, 'Diseñador de moda', 'Oferta de empleo para Diseñador de moda en el sector de Textil, confección y piel.', 122, 11),
(381, 'Enfermero/a', 'Oferta de empleo para Enfermero/a en el sector de Sanidad.', 112, 1),
(382, 'Impresor/a', 'Oferta de empleo para Impresor/a en el sector de Artes gráficas.', 106, 3),
(383, 'Técnico de laboratorio', 'Oferta de empleo para Técnico de laboratorio en el sector de Sanidad.', 129, 17),
(384, 'Artesano/a', 'Oferta de empleo para Artesano/a en el sector de Artes y artesanías.', 109, 9),
(385, 'Recepcionista de hotel', 'Oferta de empleo para Recepcionista de hotel en el sector de Hostelería y turismo.', 130, 5),
(386, 'Técnico en redes', 'Oferta de empleo para Técnico en redes en el sector de Informática y comunicaciones.', 124, 21),
(387, 'Carpintero/a', 'Oferta de empleo para Carpintero/a en el sector de Madera, mueble y corcho.', 107, 1),
(388, 'Agricultor/a', 'Oferta de empleo para Agricultor/a en el sector de Agraria.', 112, 19),
(389, 'Capitán de barco', 'Oferta de empleo para Capitán de barco en el sector de Marítimo-pesquera.', 144, 8),
(390, 'Maquillador/a', 'Oferta de empleo para Maquillador/a en el sector de Imagen personal.', 104, 7),
(391, 'Gestor de marketing', 'Oferta de empleo para Gestor de marketing en el sector de Comercio y marketing.', 140, 6),
(392, 'Ceramista', 'Oferta de empleo para Ceramista en el sector de Vidrio y cerámica.', 133, 13),
(393, 'Sastre/a', 'Oferta de empleo para Sastre/a en el sector de Textil, confección y piel.', 96, 1),
(394, 'Técnico de laboratorio', 'Oferta de empleo para Técnico de laboratorio en el sector de Química.', 119, 15),
(395, 'Community Manager', 'Oferta de empleo para Community Manager en el sector de Comercio y marketing.', 133, 14),
(396, 'Técnico de mantenimiento', 'Oferta de empleo para Técnico de mantenimiento en el sector de Fabricación mecánica.', 130, 19),
(397, 'Técnico de laboratorio', 'Oferta de empleo para Técnico de laboratorio en el sector de Química.', 102, 16),
(398, 'Contable', 'Oferta de empleo para Contable en el sector de Administración y gestión.', 138, 16),
(399, 'Camarógrafo', 'Oferta de empleo para Camarógrafo en el sector de Imagen y sonido.', 140, 20),
(400, 'Técnico de climatización', 'Oferta de empleo para Técnico de climatización en el sector de Instalación y mantenimiento.', 116, 8),
(401, 'Impresor/a', 'Oferta de empleo para Impresor/a en el sector de Artes gráficas.', 121, 17),
(402, 'Diseñador de interiores', 'Oferta de empleo para Diseñador de interiores en el sector de Madera, mueble y corcho.', 103, 12),
(403, 'Técnico de energía solar', 'Oferta de empleo para Técnico de energía solar en el sector de Energía y agua.', 97, 20),
(404, 'Técnico agrícola', 'Oferta de empleo para Técnico agrícola en el sector de Agraria.', 97, 10),
(405, 'Conductor de camión', 'Oferta de empleo para Conductor de camión en el sector de Transporte y mantenimiento de vehículos.', 134, 21),
(406, 'Técnico de mantenimiento', 'Oferta de empleo para Técnico de mantenimiento en el sector de Fabricación mecánica.', 97, 22),
(407, 'Desarrollador Java', 'Oferta de empleo para Desarrollador Java en el sector de Informática y comunicaciones.', 124, 12),
(408, 'Diseñador de interiores', 'Oferta de empleo para Diseñador de interiores en el sector de Madera, mueble y corcho.', 119, 12),
(409, 'Inspector ambiental', 'Oferta de empleo para Inspector ambiental en el sector de Seguridad y medio ambiente.', 143, 8),
(410, 'Mecánico de electrodomésticos', 'Oferta de empleo para Mecánico de electrodomésticos en el sector de Instalación y mantenimiento.', 135, 9),
(411, 'Capitán de barco', 'Oferta de empleo para Capitán de barco en el sector de Marítimo-pesquera.', 114, 8),
(412, 'Artista plástico', 'Oferta de empleo para Artista plástico en el sector de Artes y artesanías.', 108, 5),
(413, 'Ingeniero de energía eólica', 'Oferta de empleo para Ingeniero de energía eólica en el sector de Energía y agua.', 115, 15),
(414, 'Operador de maquinaria', 'Oferta de empleo para Operador de maquinaria en el sector de Fabricación mecánica.', 117, 12),
(415, 'Técnico de laboratorio', 'Oferta de empleo para Técnico de laboratorio en el sector de Química.', 126, 14),
(416, 'Ingeniero mecánico', 'Oferta de empleo para Ingeniero mecánico en el sector de Fabricación mecánica.', 128, 21),
(417, 'Sastre/a', 'Oferta de empleo para Sastre/a en el sector de Textil, confección y piel.', 112, 8),
(418, 'Educador/a social', 'Oferta de empleo para Educador/a social en el sector de Servicios socioculturales y a la comunidad.', 106, 19),
(419, 'Técnico de seguridad', 'Oferta de empleo para Técnico de seguridad en el sector de Seguridad y medio ambiente.', 137, 2),
(420, 'Sonidista', 'Oferta de empleo para Sonidista en el sector de Imagen y sonido.', 122, 7),
(421, 'Recepcionista de hotel', 'Oferta de empleo para Recepcionista de hotel en el sector de Hostelería y turismo.', 116, 20),
(422, 'Camarógrafo', 'Oferta de empleo para Camarógrafo en el sector de Imagen y sonido.', 123, 21),
(423, 'Conductor de camión', 'Oferta de empleo para Conductor de camión en el sector de Transporte y mantenimiento de vehículos.', 115, 5),
(424, 'Agricultor/a', 'Oferta de empleo para Agricultor/a en el sector de Agraria.', 121, 7),
(425, 'Investigador/a químico', 'Oferta de empleo para Investigador/a químico en el sector de Química.', 102, 9),
(426, 'Ingeniero electrónico', 'Oferta de empleo para Ingeniero electrónico en el sector de Electricidad y electrónica.', 129, 13),
(427, 'Técnico de mantenimiento', 'Oferta de empleo para Técnico de mantenimiento en el sector de Fabricación mecánica.', 126, 5),
(428, 'Camarero/a', 'Oferta de empleo para Camarero/a en el sector de Hostelería y turismo.', 99, 21),
(429, 'Agricultor/a', 'Oferta de empleo para Agricultor/a en el sector de Agraria.', 98, 16),
(430, 'Técnico agrícola', 'Oferta de empleo para Técnico agrícola en el sector de Agraria.', 119, 5),
(431, 'Camarógrafo', 'Oferta de empleo para Camarógrafo en el sector de Imagen y sonido.', 123, 7),
(432, 'Enfermero/a', 'Oferta de empleo para Enfermero/a en el sector de Sanidad.', 112, 21),
(433, 'Diseñador de moda', 'Oferta de empleo para Diseñador de moda en el sector de Textil, confección y piel.', 144, 12),
(434, 'Contable', 'Oferta de empleo para Contable en el sector de Administración y gestión.', 103, 12),
(435, 'Chef', 'Oferta de empleo para Chef en el sector de Hostelería y turismo.', 117, 12),
(436, 'Técnico de acuicultura', 'Oferta de empleo para Técnico de acuicultura en el sector de Marítimo-pesquera.', 131, 4),
(437, 'Técnico de laboratorio', 'Oferta de empleo para Técnico de laboratorio en el sector de Sanidad.', 145, 21),
(438, 'Cristalero/a', 'Oferta de empleo para Cristalero/a en el sector de Vidrio y cerámica.', 100, 22),
(439, 'Diseñador de moda', 'Oferta de empleo para Diseñador de moda en el sector de Textil, confección y piel.', 125, 13),
(440, 'Analista de datos', 'Oferta de empleo para Analista de datos en el sector de Informática y comunicaciones.', 105, 8),
(441, 'Diseñador de moda', 'Oferta de empleo para Diseñador de moda en el sector de Textil, confección y piel.', 111, 4),
(442, 'Psicólogo/a', 'Oferta de empleo para Psicólogo/a en el sector de Servicios socioculturales y a la comunidad.', 123, 4),
(443, 'Editor de video', 'Oferta de empleo para Editor de video en el sector de Imagen y sonido.', 110, 9),
(444, 'Ingeniero mecánico', 'Oferta de empleo para Ingeniero mecánico en el sector de Fabricación mecánica.', 117, 9),
(445, 'Instalador de sistemas de seguridad', 'Oferta de empleo para Instalador de sistemas de seguridad en el sector de Instalación y mantenimiento.', 105, 15),
(446, 'Camarero/a', 'Oferta de empleo para Camarero/a en el sector de Hostelería y turismo.', 120, 1),
(447, 'Técnico de energía solar', 'Oferta de empleo para Técnico de energía solar en el sector de Energía y agua.', 137, 20),
(448, 'Artesano/a', 'Oferta de empleo para Artesano/a en el sector de Artes y artesanías.', 123, 10),
(449, 'Diseñador de joyas', 'Oferta de empleo para Diseñador de joyas en el sector de Artes y artesanías.', 117, 11),
(450, 'Operador de planta', 'Oferta de empleo para Operador de planta en el sector de Energía y agua.', 109, 3),
(451, 'Vendedor/a', 'Oferta de empleo para Vendedor/a en el sector de Comercio y marketing.', 126, 2),
(452, 'Educador/a social', 'Oferta de empleo para Educador/a social en el sector de Servicios socioculturales y a la comunidad.', 136, 15),
(453, 'Técnico de calidad en vidrio', 'Oferta de empleo para Técnico de calidad en vidrio en el sector de Vidrio y cerámica.', 99, 1),
(454, 'Técnico de preimpresión', 'Oferta de empleo para Técnico de preimpresión en el sector de Artes gráficas.', 123, 17),
(455, 'Diseñador de joyas', 'Oferta de empleo para Diseñador de joyas en el sector de Artes y artesanías.', 124, 12),
(456, 'Psicólogo/a', 'Oferta de empleo para Psicólogo/a en el sector de Servicios socioculturales y a la comunidad.', 138, 13),
(457, 'Técnico de logística', 'Oferta de empleo para Técnico de logística en el sector de Transporte y mantenimiento de vehículos.', 130, 17),
(458, 'Químico/a analista', 'Oferta de empleo para Químico/a analista en el sector de Química.', 144, 22),
(459, 'Secretario/a', 'Oferta de empleo para Secretario/a en el sector de Administración y gestión.', 119, 13),
(460, 'Secretario/a', 'Oferta de empleo para Secretario/a en el sector de Administración y gestión.', 141, 3),
(461, 'Médico general', 'Oferta de empleo para Médico general en el sector de Sanidad.', 137, 15),
(462, 'Editor de video', 'Oferta de empleo para Editor de video en el sector de Imagen y sonido.', 143, 10),
(463, 'Community Manager', 'Oferta de empleo para Community Manager en el sector de Comercio y marketing.', 123, 1),
(464, 'Carpintero/a', 'Oferta de empleo para Carpintero/a en el sector de Madera, mueble y corcho.', 124, 6),
(465, 'Trabajador/a social', 'Oferta de empleo para Trabajador/a social en el sector de Servicios socioculturales y a la comunidad.', 97, 11),
(466, 'Cristalero/a', 'Oferta de empleo para Cristalero/a en el sector de Vidrio y cerámica.', 123, 8),
(467, 'Técnico de mantenimiento', 'Oferta de empleo para Técnico de mantenimiento en el sector de Fabricación mecánica.', 103, 7),
(468, 'Gestor de residuos', 'Oferta de empleo para Gestor de residuos en el sector de Seguridad y medio ambiente.', 116, 11),
(469, 'Sastre/a', 'Oferta de empleo para Sastre/a en el sector de Textil, confección y piel.', 99, 19),
(470, 'Agricultor/a', 'Oferta de empleo para Agricultor/a en el sector de Agraria.', 105, 3),
(471, 'Contable', 'Oferta de empleo para Contable en el sector de Administración y gestión.', 126, 4),
(472, 'Trabajador/a social', 'Oferta de empleo para Trabajador/a social en el sector de Servicios socioculturales y a la comunidad.', 114, 15),
(473, 'Asistente administrativo', 'Oferta de empleo para Asistente administrativo en el sector de Administración y gestión.', 131, 22),
(474, 'Gestor de residuos', 'Oferta de empleo para Gestor de residuos en el sector de Seguridad y medio ambiente.', 120, 4),
(475, 'Gestor de residuos', 'Oferta de empleo para Gestor de residuos en el sector de Seguridad y medio ambiente.', 98, 2),
(476, 'Mecánico de electrodomésticos', 'Oferta de empleo para Mecánico de electrodomésticos en el sector de Instalación y mantenimiento.', 138, 21),
(477, 'Sastre/a', 'Oferta de empleo para Sastre/a en el sector de Textil, confección y piel.', 130, 8),
(478, 'Operador de sistemas', 'Oferta de empleo para Operador de sistemas en el sector de Electricidad y electrónica.', 99, 6),
(479, 'Diseñador de interiores', 'Oferta de empleo para Diseñador de interiores en el sector de Madera, mueble y corcho.', 127, 1),
(480, 'Educador/a social', 'Oferta de empleo para Educador/a social en el sector de Servicios socioculturales y a la comunidad.', 125, 18),
(481, 'Conductor de camión', 'Oferta de empleo para Conductor de camión en el sector de Transporte y mantenimiento de vehículos.', 110, 3),
(482, 'Cristalero/a', 'Oferta de empleo para Cristalero/a en el sector de Vidrio y cerámica.', 112, 6),
(483, 'Ebanista', 'Oferta de empleo para Ebanista en el sector de Madera, mueble y corcho.', 125, 16),
(484, 'Analista de datos', 'Oferta de empleo para Analista de datos en el sector de Informática y comunicaciones.', 110, 9),
(485, 'Ingeniero electrónico', 'Oferta de empleo para Ingeniero electrónico en el sector de Electricidad y electrónica.', 145, 4),
(486, 'Técnico en redes', 'Oferta de empleo para Técnico en redes en el sector de Informática y comunicaciones.', 113, 6),
(487, 'Ganadero/a', 'Oferta de empleo para Ganadero/a en el sector de Agraria.', 131, 15),
(488, 'Trabajador/a social', 'Oferta de empleo para Trabajador/a social en el sector de Servicios socioculturales y a la comunidad.', 143, 17),
(489, 'Sastre/a', 'Oferta de empleo para Sastre/a en el sector de Textil, confección y piel.', 140, 8),
(490, 'Educador/a social', 'Oferta de empleo para Educador/a social en el sector de Servicios socioculturales y a la comunidad.', 121, 3),
(491, 'Investigador/a químico', 'Oferta de empleo para Investigador/a químico en el sector de Química.', 126, 10),
(492, 'Técnico de calidad en vidrio', 'Oferta de empleo para Técnico de calidad en vidrio en el sector de Vidrio y cerámica.', 101, 16),
(493, 'Químico/a analista', 'Oferta de empleo para Químico/a analista en el sector de Química.', 97, 18),
(494, 'Sastre/a', 'Oferta de empleo para Sastre/a en el sector de Textil, confección y piel.', 123, 11),
(495, 'Ingeniero electrónico', 'Oferta de empleo para Ingeniero electrónico en el sector de Electricidad y electrónica.', 124, 17),
(496, 'Editor de video', 'Oferta de empleo para Editor de video en el sector de Imagen y sonido.', 123, 4),
(497, 'Ebanista', 'Oferta de empleo para Ebanista en el sector de Madera, mueble y corcho.', 128, 1),
(498, 'Diseñador de moda', 'Oferta de empleo para Diseñador de moda en el sector de Textil, confección y piel.', 108, 2),
(499, 'Maquillador/a', 'Oferta de empleo para Maquillador/a en el sector de Imagen personal.', 143, 19),
(500, 'Investigador/a químico', 'Oferta de empleo para Investigador/a químico en el sector de Química.', 101, 9),
(501, 'Chef', 'Oferta de empleo para Chef en el sector de Hostelería y turismo.', 108, 14),
(502, 'Maquillador/a', 'Oferta de empleo para Maquillador/a en el sector de Imagen personal.', 109, 12),
(503, 'Ebanista', 'Oferta de empleo para Ebanista en el sector de Madera, mueble y corcho.', 111, 13),
(504, 'Community Manager', 'Oferta de empleo para Community Manager en el sector de Comercio y marketing.', 144, 20),
(505, 'Community Manager', 'Oferta de empleo para Community Manager en el sector de Comercio y marketing.', 122, 21),
(506, 'Psicólogo/a', 'Oferta de empleo para Psicólogo/a en el sector de Servicios socioculturales y a la comunidad.', 145, 12),
(507, 'Sastre/a', 'Oferta de empleo para Sastre/a en el sector de Textil, confección y piel.', 104, 19),
(508, 'Ingeniero mecánico', 'Oferta de empleo para Ingeniero mecánico en el sector de Fabricación mecánica.', 139, 12),
(509, 'Operador de sistemas', 'Oferta de empleo para Operador de sistemas en el sector de Electricidad y electrónica.', 113, 12),
(510, 'Conductor de camión', 'Oferta de empleo para Conductor de camión en el sector de Transporte y mantenimiento de vehículos.', 116, 12),
(511, 'Asistente administrativo', 'Oferta de empleo para Asistente administrativo en el sector de Administración y gestión.', 109, 1),
(512, 'Técnico de climatización', 'Oferta de empleo para Técnico de climatización en el sector de Instalación y mantenimiento.', 140, 3),
(513, 'Ebanista', 'Oferta de empleo para Ebanista en el sector de Madera, mueble y corcho.', 109, 3),
(514, 'Desarrollador Java', 'Oferta de empleo para Desarrollador Java en el sector de Informática y comunicaciones.', 138, 12),
(515, 'Técnico de acuicultura', 'Oferta de empleo para Técnico de acuicultura en el sector de Marítimo-pesquera.', 128, 5),
(516, 'Maquillador/a', 'Oferta de empleo para Maquillador/a en el sector de Imagen personal.', 110, 17),
(517, 'Técnico de energía solar', 'Oferta de empleo para Técnico de energía solar en el sector de Energía y agua.', 115, 20),
(518, 'Conductor de camión', 'Oferta de empleo para Conductor de camión en el sector de Transporte y mantenimiento de vehículos.', 142, 19),
(519, 'Inspector ambiental', 'Oferta de empleo para Inspector ambiental en el sector de Seguridad y medio ambiente.', 105, 12),
(520, 'Operador de sistemas', 'Oferta de empleo para Operador de sistemas en el sector de Electricidad y electrónica.', 129, 14),
(521, 'Sonidista', 'Oferta de empleo para Sonidista en el sector de Imagen y sonido.', 126, 18),
(522, 'Gestor de residuos', 'Oferta de empleo para Gestor de residuos en el sector de Seguridad y medio ambiente.', 112, 12),
(523, 'Chef', 'Oferta de empleo para Chef en el sector de Hostelería y turismo.', 141, 21),
(524, 'Mecánico de automóviles', 'Oferta de empleo para Mecánico de automóviles en el sector de Transporte y mantenimiento de vehículos.', 117, 18),
(525, 'Analista de datos', 'Oferta de empleo para Analista de datos en el sector de Informática y comunicaciones.', 104, 13),
(526, 'Capitán de barco', 'Oferta de empleo para Capitán de barco en el sector de Marítimo-pesquera.', 131, 2),
(527, 'Diseñador de joyas', 'Oferta de empleo para Diseñador de joyas en el sector de Artes y artesanías.', 133, 7),
(528, 'Analista de datos', 'Oferta de empleo para Analista de datos en el sector de Informática y comunicaciones.', 115, 4),
(529, 'Enfermero/a', 'Oferta de empleo para Enfermero/a en el sector de Sanidad.', 136, 15),
(530, 'Camarógrafo', 'Oferta de empleo para Camarógrafo en el sector de Imagen y sonido.', 119, 13),
(531, 'Estilista', 'Oferta de empleo para Estilista en el sector de Imagen personal.', 103, 7),
(532, 'Impresor/a', 'Oferta de empleo para Impresor/a en el sector de Artes gráficas.', 129, 20),
(533, 'Técnico de mantenimiento', 'Oferta de empleo para Técnico de mantenimiento en el sector de Fabricación mecánica.', 141, 14),
(534, 'Impresor/a', 'Oferta de empleo para Impresor/a en el sector de Artes gráficas.', 132, 6),
(535, 'Impresor/a', 'Oferta de empleo para Impresor/a en el sector de Artes gráficas.', 102, 13),
(536, 'Maquillador/a', 'Oferta de empleo para Maquillador/a en el sector de Imagen personal.', 96, 9),
(537, 'Técnico agrícola', 'Oferta de empleo para Técnico agrícola en el sector de Agraria.', 117, 13),
(538, 'Cristalero/a', 'Oferta de empleo para Cristalero/a en el sector de Vidrio y cerámica.', 97, 12),
(539, 'Cristalero/a', 'Oferta de empleo para Cristalero/a en el sector de Vidrio y cerámica.', 98, 18),
(540, 'Operador de sistemas', 'Oferta de empleo para Operador de sistemas en el sector de Electricidad y electrónica.', 144, 1),
(541, 'Secretario/a', 'Oferta de empleo para Secretario/a en el sector de Administración y gestión.', 143, 12),
(542, 'Técnico agrícola', 'Oferta de empleo para Técnico agrícola en el sector de Agraria.', 115, 5),
(543, 'Gestor de residuos', 'Oferta de empleo para Gestor de residuos en el sector de Seguridad y medio ambiente.', 145, 18),
(544, 'Gestor de marketing', 'Oferta de empleo para Gestor de marketing en el sector de Comercio y marketing.', 139, 14),
(545, 'Técnico de seguridad', 'Oferta de empleo para Técnico de seguridad en el sector de Seguridad y medio ambiente.', 107, 4),
(546, 'Mecánico de automóviles', 'Oferta de empleo para Mecánico de automóviles en el sector de Transporte y mantenimiento de vehículos.', 97, 14),
(547, 'Diseñador de moda', 'Oferta de empleo para Diseñador de moda en el sector de Textil, confección y piel.', 136, 14),
(548, 'Ingeniero mecánico', 'Oferta de empleo para Ingeniero mecánico en el sector de Fabricación mecánica.', 119, 13),
(549, 'Mecánico de automóviles', 'Oferta de empleo para Mecánico de automóviles en el sector de Transporte y mantenimiento de vehículos.', 98, 12),
(550, 'Trabajador/a social', 'Oferta de empleo para Trabajador/a social en el sector de Servicios socioculturales y a la comunidad.', 110, 8),
(551, 'Community Manager', 'Oferta de empleo para Community Manager en el sector de Comercio y marketing.', 130, 1),
(552, 'Asistente administrativo', 'Oferta de empleo para Asistente administrativo en el sector de Administración y gestión.', 114, 8),
(553, 'Ingeniero de energía eólica', 'Oferta de empleo para Ingeniero de energía eólica en el sector de Energía y agua.', 121, 19),
(554, 'Psicólogo/a', 'Oferta de empleo para Psicólogo/a en el sector de Servicios socioculturales y a la comunidad.', 122, 8),
(555, 'Mecánico de automóviles', 'Oferta de empleo para Mecánico de automóviles en el sector de Transporte y mantenimiento de vehículos.', 122, 5),
(556, 'Técnico de climatización', 'Oferta de empleo para Técnico de climatización en el sector de Instalación y mantenimiento.', 112, 3),
(557, 'Diseñador gráfico', 'Oferta de empleo para Diseñador gráfico en el sector de Artes gráficas.', 128, 12),
(558, 'Sonidista', 'Oferta de empleo para Sonidista en el sector de Imagen y sonido.', 96, 11),
(559, 'Diseñador de joyas', 'Oferta de empleo para Diseñador de joyas en el sector de Artes y artesanías.', 129, 14),
(560, 'Enfermero/a', 'Oferta de empleo para Enfermero/a en el sector de Sanidad.', 145, 13),
(561, 'Investigador/a químico', 'Oferta de empleo para Investigador/a químico en el sector de Química.', 122, 8),
(562, 'Desarrollador Java', 'Oferta de empleo para Desarrollador Java en el sector de Informática y comunicaciones.', 131, 11),
(563, 'Analista de datos', 'Oferta de empleo para Analista de datos en el sector de Informática y comunicaciones.', 128, 21),
(564, 'Artesano/a', 'Oferta de empleo para Artesano/a en el sector de Artes y artesanías.', 138, 17),
(565, 'Químico/a analista', 'Oferta de empleo para Químico/a analista en el sector de Química.', 123, 11),
(566, 'Secretario/a', 'Oferta de empleo para Secretario/a en el sector de Administración y gestión.', 112, 4),
(567, 'Técnico de laboratorio', 'Oferta de empleo para Técnico de laboratorio en el sector de Sanidad.', 102, 10),
(568, 'Gestor de marketing', 'Oferta de empleo para Gestor de marketing en el sector de Comercio y marketing.', 117, 12),
(569, 'Educador/a social', 'Oferta de empleo para Educador/a social en el sector de Servicios socioculturales y a la comunidad.', 111, 22),
(570, 'Ingeniero electrónico', 'Oferta de empleo para Ingeniero electrónico en el sector de Electricidad y electrónica.', 98, 7),
(571, 'Ebanista', 'Oferta de empleo para Ebanista en el sector de Madera, mueble y corcho.', 139, 10),
(572, 'Psicólogo/a', 'Oferta de empleo para Psicólogo/a en el sector de Servicios socioculturales y a la comunidad.', 134, 6),
(573, 'Secretario/a', 'Oferta de empleo para Secretario/a en el sector de Administración y gestión.', 131, 7),
(574, 'Químico/a analista', 'Oferta de empleo para Químico/a analista en el sector de Química.', 124, 20),
(575, 'Técnico de climatización', 'Oferta de empleo para Técnico de climatización en el sector de Instalación y mantenimiento.', 144, 17),
(576, 'Sastre/a', 'Oferta de empleo para Sastre/a en el sector de Textil, confección y piel.', 101, 19),
(577, 'Desarrollador Java', 'Oferta de empleo para Desarrollador Java en el sector de Informática y comunicaciones.', 124, 12),
(578, 'Impresor/a', 'Oferta de empleo para Impresor/a en el sector de Artes gráficas.', 140, 9),
(579, 'Carpintero/a', 'Oferta de empleo para Carpintero/a en el sector de Madera, mueble y corcho.', 101, 20),
(580, 'Asistente administrativo', 'Oferta de empleo para Asistente administrativo en el sector de Administración y gestión.', 139, 19),
(581, 'Sastre/a', 'Oferta de empleo para Sastre/a en el sector de Textil, confección y piel.', 118, 9),
(582, 'Camarógrafo', 'Oferta de empleo para Camarógrafo en el sector de Imagen y sonido.', 111, 2),
(583, 'Pescador/a', 'Oferta de empleo para Pescador/a en el sector de Marítimo-pesquera.', 96, 20),
(584, 'Ingeniero mecánico', 'Oferta de empleo para Ingeniero mecánico en el sector de Fabricación mecánica.', 139, 15),
(585, 'Ceramista', 'Oferta de empleo para Ceramista en el sector de Vidrio y cerámica.', 97, 5),
(586, 'Peluquero/a', 'Oferta de empleo para Peluquero/a en el sector de Imagen personal.', 108, 4),
(587, 'Técnico de seguridad', 'Oferta de empleo para Técnico de seguridad en el sector de Seguridad y medio ambiente.', 141, 11),
(588, 'Sastre/a', 'Oferta de empleo para Sastre/a en el sector de Textil, confección y piel.', 136, 22),
(589, 'Técnico de acuicultura', 'Oferta de empleo para Técnico de acuicultura en el sector de Marítimo-pesquera.', 132, 5),
(590, 'Sonidista', 'Oferta de empleo para Sonidista en el sector de Imagen y sonido.', 107, 18),
(591, 'Técnico de calidad en vidrio', 'Oferta de empleo para Técnico de calidad en vidrio en el sector de Vidrio y cerámica.', 114, 21),
(592, 'Chef', 'Oferta de empleo para Chef en el sector de Hostelería y turismo.', 144, 6),
(593, 'Artista plástico', 'Oferta de empleo para Artista plástico en el sector de Artes y artesanías.', 137, 4),
(594, 'Enfermero/a', 'Oferta de empleo para Enfermero/a en el sector de Sanidad.', 134, 4),
(595, 'Diseñador de joyas', 'Oferta de empleo para Diseñador de joyas en el sector de Artes y artesanías.', 141, 9),
(596, 'Técnico de energía solar', 'Oferta de empleo para Técnico de energía solar en el sector de Energía y agua.', 105, 13),
(597, 'Ingeniero mecánico', 'Oferta de empleo para Ingeniero mecánico en el sector de Fabricación mecánica.', 138, 8),
(598, 'Inspector ambiental', 'Oferta de empleo para Inspector ambiental en el sector de Seguridad y medio ambiente.', 111, 2),
(599, 'Técnico de seguridad', 'Oferta de empleo para Técnico de seguridad en el sector de Seguridad y medio ambiente.', 102, 17),
(600, 'Ebanista', 'Oferta de empleo para Ebanista en el sector de Madera, mueble y corcho.', 106, 12),
(601, 'Gestor de residuos', 'Oferta de empleo para Gestor de residuos en el sector de Seguridad y medio ambiente.', 114, 16),
(602, 'Técnico de energía solar', 'Oferta de empleo para Técnico de energía solar en el sector de Energía y agua.', 100, 5),
(603, 'Técnico de laboratorio', 'Oferta de empleo para Técnico de laboratorio en el sector de Sanidad.', 128, 21),
(604, 'Operador de maquinaria', 'Oferta de empleo para Operador de maquinaria en el sector de Fabricación mecánica.', 143, 5),
(605, 'Operador de maquinaria', 'Oferta de empleo para Operador de maquinaria en el sector de Fabricación mecánica.', 108, 9),
(606, 'Técnico agrícola', 'Oferta de empleo para Técnico agrícola en el sector de Agraria.', 105, 6),
(607, 'Educador/a social', 'Oferta de empleo para Educador/a social en el sector de Servicios socioculturales y a la comunidad.', 114, 1),
(608, 'Artista plástico', 'Oferta de empleo para Artista plástico en el sector de Artes y artesanías.', 120, 9),
(609, 'Maquillador/a', 'Oferta de empleo para Maquillador/a en el sector de Imagen personal.', 106, 8),
(610, 'Médico general', 'Oferta de empleo para Médico general en el sector de Sanidad.', 109, 1),
(611, 'Operador de máquina de coser', 'Oferta de empleo para Operador de máquina de coser en el sector de Textil, confección y piel.', 131, 14),
(612, 'Diseñador de joyas', 'Oferta de empleo para Diseñador de joyas en el sector de Artes y artesanías.', 140, 2),
(613, 'Operador de sistemas', 'Oferta de empleo para Operador de sistemas en el sector de Electricidad y electrónica.', 130, 14),
(614, 'Diseñador de joyas', 'Oferta de empleo para Diseñador de joyas en el sector de Artes y artesanías.', 135, 15),
(615, 'Enfermero/a', 'Oferta de empleo para Enfermero/a en el sector de Sanidad.', 106, 20),
(616, 'Médico general', 'Oferta de empleo para Médico general en el sector de Sanidad.', 121, 16),
(617, 'Ebanista', 'Oferta de empleo para Ebanista en el sector de Madera, mueble y corcho.', 113, 13),
(618, 'Camarero/a', 'Oferta de empleo para Camarero/a en el sector de Hostelería y turismo.', 127, 4),
(619, 'Camarógrafo', 'Oferta de empleo para Camarógrafo en el sector de Imagen y sonido.', 142, 2),
(620, 'Diseñador de joyas', 'Oferta de empleo para Diseñador de joyas en el sector de Artes y artesanías.', 121, 7),
(621, 'Diseñador de moda', 'Oferta de empleo para Diseñador de moda en el sector de Textil, confección y piel.', 124, 11),
(622, 'Operador de máquina de coser', 'Oferta de empleo para Operador de máquina de coser en el sector de Textil, confección y piel.', 112, 15),
(623, 'Instalador de sistemas de seguridad', 'Oferta de empleo para Instalador de sistemas de seguridad en el sector de Instalación y mantenimiento.', 112, 14),
(624, 'Educador/a social', 'Oferta de empleo para Educador/a social en el sector de Servicios socioculturales y a la comunidad.', 128, 20),
(625, 'Pescador/a', 'Oferta de empleo para Pescador/a en el sector de Marítimo-pesquera.', 133, 10),
(626, 'Ebanista', 'Oferta de empleo para Ebanista en el sector de Madera, mueble y corcho.', 133, 19),
(627, 'Químico/a analista', 'Oferta de empleo para Químico/a analista en el sector de Química.', 96, 16),
(628, 'Camarógrafo', 'Oferta de empleo para Camarógrafo en el sector de Imagen y sonido.', 104, 18),
(629, 'Sonidista', 'Oferta de empleo para Sonidista en el sector de Imagen y sonido.', 125, 15),
(630, 'Vendedor/a', 'Oferta de empleo para Vendedor/a en el sector de Comercio y marketing.', 112, 18),
(631, 'Analista de datos', 'Oferta de empleo para Analista de datos en el sector de Informática y comunicaciones.', 129, 13),
(632, 'Maquillador/a', 'Oferta de empleo para Maquillador/a en el sector de Imagen personal.', 109, 16),
(633, 'Gestor de marketing', 'Oferta de empleo para Gestor de marketing en el sector de Comercio y marketing.', 98, 19),
(634, 'Técnico de mantenimiento', 'Oferta de empleo para Técnico de mantenimiento en el sector de Fabricación mecánica.', 133, 10),
(635, 'Diseñador de interiores', 'Oferta de empleo para Diseñador de interiores en el sector de Madera, mueble y corcho.', 109, 21),
(636, 'Diseñador de joyas', 'Oferta de empleo para Diseñador de joyas en el sector de Artes y artesanías.', 113, 22),
(637, 'Técnico en redes', 'Oferta de empleo para Técnico en redes en el sector de Informática y comunicaciones.', 122, 22),
(638, 'Trabajador/a social', 'Oferta de empleo para Trabajador/a social en el sector de Servicios socioculturales y a la comunidad.', 102, 3),
(639, 'Pescador/a', 'Oferta de empleo para Pescador/a en el sector de Marítimo-pesquera.', 109, 10),
(640, 'Vendedor/a', 'Oferta de empleo para Vendedor/a en el sector de Comercio y marketing.', 101, 5),
(641, 'Operador de máquina de coser', 'Oferta de empleo para Operador de máquina de coser en el sector de Textil, confección y piel.', 123, 10),
(642, 'Técnico de seguridad', 'Oferta de empleo para Técnico de seguridad en el sector de Seguridad y medio ambiente.', 136, 21),
(643, 'Gestor de marketing', 'Oferta de empleo para Gestor de marketing en el sector de Comercio y marketing.', 137, 7),
(644, 'Editor de video', 'Oferta de empleo para Editor de video en el sector de Imagen y sonido.', 109, 20),
(645, 'Peluquero/a', 'Oferta de empleo para Peluquero/a en el sector de Imagen personal.', 122, 5),
(646, 'Artista plástico', 'Oferta de empleo para Artista plástico en el sector de Artes y artesanías.', 119, 3),
(647, 'Operador de sistemas', 'Oferta de empleo para Operador de sistemas en el sector de Electricidad y electrónica.', 120, 14),
(648, 'Artesano/a', 'Oferta de empleo para Artesano/a en el sector de Artes y artesanías.', 100, 2),
(649, 'Carpintero/a', 'Oferta de empleo para Carpintero/a en el sector de Madera, mueble y corcho.', 117, 14),
(650, 'Diseñador de moda', 'Oferta de empleo para Diseñador de moda en el sector de Textil, confección y piel.', 143, 21),
(651, 'Operador de sistemas', 'Oferta de empleo para Operador de sistemas en el sector de Electricidad y electrónica.', 130, 7),
(652, 'Operador de máquina de coser', 'Oferta de empleo para Operador de máquina de coser en el sector de Textil, confección y piel.', 131, 13),
(653, 'Operador de máquina de coser', 'Oferta de empleo para Operador de máquina de coser en el sector de Textil, confección y piel.', 109, 4),
(654, 'Ingeniero mecánico', 'Oferta de empleo para Ingeniero mecánico en el sector de Fabricación mecánica.', 115, 8),
(655, 'Técnico electricista', 'Oferta de empleo para Técnico electricista en el sector de Electricidad y electrónica.', 122, 4),
(656, 'Vendedor/a', 'Oferta de empleo para Vendedor/a en el sector de Comercio y marketing.', 102, 20),
(657, 'Trabajador/a social', 'Oferta de empleo para Trabajador/a social en el sector de Servicios socioculturales y a la comunidad.', 113, 17),
(658, 'Operador de sistemas', 'Oferta de empleo para Operador de sistemas en el sector de Electricidad y electrónica.', 98, 10),
(659, 'Gestor de marketing', 'Oferta de empleo para Gestor de marketing en el sector de Comercio y marketing.', 124, 3),
(660, 'Psicólogo/a', 'Oferta de empleo para Psicólogo/a en el sector de Servicios socioculturales y a la comunidad.', 101, 17),
(661, 'Editor de video', 'Oferta de empleo para Editor de video en el sector de Imagen y sonido.', 131, 5),
(662, 'Operador de planta', 'Oferta de empleo para Operador de planta en el sector de Energía y agua.', 117, 19),
(663, 'Ebanista', 'Oferta de empleo para Ebanista en el sector de Madera, mueble y corcho.', 143, 9),
(664, 'Diseñador de joyas', 'Oferta de empleo para Diseñador de joyas en el sector de Artes y artesanías.', 122, 6),
(665, 'Técnico de climatización', 'Oferta de empleo para Técnico de climatización en el sector de Instalación y mantenimiento.', 99, 21),
(666, 'Técnico de logística', 'Oferta de empleo para Técnico de logística en el sector de Transporte y mantenimiento de vehículos.', 103, 7),
(667, 'Estilista', 'Oferta de empleo para Estilista en el sector de Imagen personal.', 117, 16),
(668, 'Técnico de acuicultura', 'Oferta de empleo para Técnico de acuicultura en el sector de Marítimo-pesquera.', 141, 16),
(669, 'Capitán de barco', 'Oferta de empleo para Capitán de barco en el sector de Marítimo-pesquera.', 144, 22),
(670, 'Técnico de seguridad', 'Oferta de empleo para Técnico de seguridad en el sector de Seguridad y medio ambiente.', 145, 13),
(671, 'Camarero/a', 'Oferta de empleo para Camarero/a en el sector de Hostelería y turismo.', 131, 12),
(672, 'Recepcionista de hotel', 'Oferta de empleo para Recepcionista de hotel en el sector de Hostelería y turismo.', 109, 9),
(673, 'Químico/a analista', 'Oferta de empleo para Químico/a analista en el sector de Química.', 122, 10),
(674, 'Operador de máquina de coser', 'Oferta de empleo para Operador de máquina de coser en el sector de Textil, confección y piel.', 141, 20),
(675, 'Contable', 'Oferta de empleo para Contable en el sector de Administración y gestión.', 133, 6),
(676, 'Secretario/a', 'Oferta de empleo para Secretario/a en el sector de Administración y gestión.', 102, 10),
(677, 'Técnico de energía solar', 'Oferta de empleo para Técnico de energía solar en el sector de Energía y agua.', 112, 1),
(678, 'Técnico de mantenimiento', 'Oferta de empleo para Técnico de mantenimiento en el sector de Fabricación mecánica.', 145, 21),
(679, 'Operador de maquinaria', 'Oferta de empleo para Operador de maquinaria en el sector de Fabricación mecánica.', 113, 17),
(680, 'Médico general', 'Oferta de empleo para Médico general en el sector de Sanidad.', 139, 18),
(681, 'Carpintero/a', 'Oferta de empleo para Carpintero/a en el sector de Madera, mueble y corcho.', 145, 22),
(682, 'Instalador de sistemas de seguridad', 'Oferta de empleo para Instalador de sistemas de seguridad en el sector de Instalación y mantenimiento.', 118, 17),
(683, 'Ingeniero mecánico', 'Oferta de empleo para Ingeniero mecánico en el sector de Fabricación mecánica.', 131, 13),
(684, 'Técnico en redes', 'Oferta de empleo para Técnico en redes en el sector de Informática y comunicaciones.', 107, 18),
(685, 'Técnico de laboratorio', 'Oferta de empleo para Técnico de laboratorio en el sector de Química.', 132, 6),
(686, 'Contable', 'Oferta de empleo para Contable en el sector de Administración y gestión.', 132, 18),
(687, 'Analista de datos', 'Oferta de empleo para Analista de datos en el sector de Informática y comunicaciones.', 113, 7),
(688, 'Diseñador de joyas', 'Oferta de empleo para Diseñador de joyas en el sector de Artes y artesanías.', 107, 8),
(689, 'Desarrollador Java', 'Oferta de empleo para Desarrollador Java en el sector de Informática y comunicaciones.', 130, 22),
(690, 'Carpintero/a', 'Oferta de empleo para Carpintero/a en el sector de Madera, mueble y corcho.', 114, 16),
(691, 'Desarrollador Java', 'Oferta de empleo para Desarrollador Java en el sector de Informática y comunicaciones.', 136, 3),
(692, 'Diseñador de joyas', 'Oferta de empleo para Diseñador de joyas en el sector de Artes y artesanías.', 102, 11),
(693, 'Editor de video', 'Oferta de empleo para Editor de video en el sector de Imagen y sonido.', 112, 5),
(694, 'Operador de máquina de coser', 'Oferta de empleo para Operador de máquina de coser en el sector de Textil, confección y piel.', 102, 19),
(695, 'Investigador/a químico', 'Oferta de empleo para Investigador/a químico en el sector de Química.', 140, 4),
(696, 'Psicólogo/a', 'Oferta de empleo para Psicólogo/a en el sector de Servicios socioculturales y a la comunidad.', 141, 7);

-- --------------------------------------------------------

--
-- Estructura de tabla para la tabla `sector`
--

CREATE TABLE `sector` (
  `id` bigint NOT NULL,
  `nombre` varchar(255) CHARACTER SET utf32 COLLATE utf32_unicode_ci NOT NULL
) ENGINE=InnoDB DEFAULT CHARSET=utf32 COLLATE=utf32_unicode_ci;

--
-- Volcado de datos para la tabla `sector`
--

INSERT INTO `sector` (`id`, `nombre`) VALUES
(1, 'Administración y gestión'),
(2, 'Agraria'),
(3, 'Artes gráficas'),
(4, 'Artes y artesanías'),
(5, 'Comercio y marketing'),
(6, 'Electricidad y electrónica'),
(7, 'Energía y agua'),
(8, 'Fabricación mecánica'),
(9, 'Hostelería y turismo'),
(10, 'Imagen personal'),
(11, 'Imagen y sonido'),
(12, 'Informática y comunicaciones'),
(13, 'Instalación y mantenimiento'),
(14, 'Madera, mueble y corcho'),
(15, 'Marítimo-pesquera'),
(16, 'Química'),
(17, 'Sanidad'),
(18, 'Seguridad y medio ambiente'),
(19, 'Servicios socioculturales y a la comunidad'),
(20, 'Textil, confección y piel'),
(21, 'Transporte y mantenimiento de vehículos'),
(22, 'Vidrio y cerámica');

--
-- Índices para tablas volcadas
--

--
-- Indices de la tabla `alumno`
--
ALTER TABLE `alumno`
  ADD PRIMARY KEY (`id`);

--
-- Indices de la tabla `candidatura`
--
ALTER TABLE `candidatura`
  ADD PRIMARY KEY (`id`);

--
-- Indices de la tabla `empresa`
--
ALTER TABLE `empresa`
  ADD PRIMARY KEY (`id`);

--
-- Indices de la tabla `oferta`
--
ALTER TABLE `oferta`
  ADD PRIMARY KEY (`id`);

--
-- Indices de la tabla `sector`
--
ALTER TABLE `sector`
  ADD PRIMARY KEY (`id`);

--
-- AUTO_INCREMENT de las tablas volcadas
--

--
-- AUTO_INCREMENT de la tabla `alumno`
--
ALTER TABLE `alumno`
  MODIFY `id` bigint NOT NULL AUTO_INCREMENT, AUTO_INCREMENT=186;

--
-- AUTO_INCREMENT de la tabla `candidatura`
--
ALTER TABLE `candidatura`
  MODIFY `id` bigint NOT NULL AUTO_INCREMENT, AUTO_INCREMENT=1098;

--
-- AUTO_INCREMENT de la tabla `empresa`
--
ALTER TABLE `empresa`
  MODIFY `id` bigint NOT NULL AUTO_INCREMENT, AUTO_INCREMENT=146;

--
-- AUTO_INCREMENT de la tabla `oferta`
--
ALTER TABLE `oferta`
  MODIFY `id` bigint NOT NULL AUTO_INCREMENT, AUTO_INCREMENT=697;

--
-- AUTO_INCREMENT de la tabla `sector`
--
ALTER TABLE `sector`
  MODIFY `id` bigint NOT NULL AUTO_INCREMENT, AUTO_INCREMENT=23;
COMMIT;

/*!40101 SET CHARACTER_SET_CLIENT=@OLD_CHARACTER_SET_CLIENT */;
/*!40101 SET CHARACTER_SET_RESULTS=@OLD_CHARACTER_SET_RESULTS */;
/*!40101 SET COLLATION_CONNECTION=@OLD_COLLATION_CONNECTION */;
